-- phpMyAdmin SQL Dump
-- version 4.8.3
-- https://www.phpmyadmin.net/
--
-- Host: 127.0.0.1
-- Waktu pembuatan: 17 Feb 2020 pada 14.24
-- Versi server: 10.1.35-MariaDB
-- Versi PHP: 7.2.9

SET SQL_MODE = "NO_AUTO_VALUE_ON_ZERO";
SET AUTOCOMMIT = 0;
START TRANSACTION;
SET time_zone = "+00:00";


/*!40101 SET @OLD_CHARACTER_SET_CLIENT=@@CHARACTER_SET_CLIENT */;
/*!40101 SET @OLD_CHARACTER_SET_RESULTS=@@CHARACTER_SET_RESULTS */;
/*!40101 SET @OLD_COLLATION_CONNECTION=@@COLLATION_CONNECTION */;
/*!40101 SET NAMES utf8mb4 */;

--
-- Database: `db_wpos`
--

-- --------------------------------------------------------

--
-- Struktur dari tabel `category`
--

CREATE TABLE `category` (
  `id` int(11) NOT NULL,
  `name` varchar(128) NOT NULL,
  `description` varchar(256) DEFAULT NULL,
  `created` timestamp NULL DEFAULT CURRENT_TIMESTAMP,
  `updated` timestamp NULL DEFAULT CURRENT_TIMESTAMP ON UPDATE CURRENT_TIMESTAMP
) ENGINE=InnoDB DEFAULT CHARSET=latin1;

--
-- Dumping data untuk tabel `category`
--

INSERT INTO `category` (`id`, `name`, `description`, `created`, `updated`) VALUES
(1, 'Makanan', 'Berbagai macam makanan ringan', '2019-08-18 04:33:59', '2019-08-27 16:12:46'),
(2, 'Minuman', NULL, '2019-08-18 04:34:10', '2019-08-18 04:36:03'),
(13, 'Elektronik', NULL, '2019-08-27 09:25:21', '2019-08-27 09:25:21'),
(16, 'Umum', '', '2019-08-27 16:06:27', '2019-08-27 16:10:17'),
(17, 'Kopi', '', '2019-10-04 12:13:18', '2019-10-04 12:13:18'),
(18, 'Biskuit', '', '2019-10-10 11:39:14', '2019-10-10 11:39:14'),
(19, 'Lain', '', '2020-01-04 05:08:27', '2020-01-31 07:59:39'),
(20, 'Baju', '', '2020-01-30 15:27:49', '2020-01-30 15:27:49'),
(21, 'Celana', '', '2020-01-30 15:27:59', '2020-01-30 15:27:59'),
(22, 'Buku', '', '2020-02-07 17:02:29', '2020-02-07 17:02:29'),
(23, 'Sendal', '', '2020-02-17 02:24:06', '2020-02-17 02:24:06');

-- --------------------------------------------------------

--
-- Struktur dari tabel `customer`
--

CREATE TABLE `customer` (
  `id` int(11) NOT NULL,
  `id_customer` varchar(10) NOT NULL,
  `name_customer` varchar(150) NOT NULL,
  `gender` enum('l','p') NOT NULL,
  `address` text,
  `phone` varchar(15) DEFAULT NULL,
  `create_at` timestamp NOT NULL DEFAULT CURRENT_TIMESTAMP,
  `update_at` timestamp NOT NULL DEFAULT CURRENT_TIMESTAMP
) ENGINE=InnoDB DEFAULT CHARSET=latin1;

--
-- Dumping data untuk tabel `customer`
--

INSERT INTO `customer` (`id`, `id_customer`, `name_customer`, `gender`, `address`, `phone`, `create_at`, `update_at`) VALUES
(1, '1', 'umum', 'l', 'umum', NULL, '2019-10-11 07:18:09', '2019-10-11 07:19:07'),
(2, 'P001', 'Joko Anwar S', 'l', 'Sudimara RT 01 RW 03 ', '085231453123', '2019-10-11 08:23:37', '2019-10-16 16:05:38'),
(3, 'P002', 'Prapto', 'p', 'Cilongok', '087654231234', '2019-10-11 09:13:36', '2019-10-11 15:46:58'),
(5, 'P003', 'Siti', 'p', 'Cilongok,bentala RT01 RW 03', '08529231213121', '2019-10-11 15:09:01', '2019-10-11 15:59:53'),
(6, 'P004', 'Zaki', 'l', '', '', '2019-10-16 16:05:09', '2019-10-16 16:05:09'),
(7, 'P005', 'Jajang N', 'l', 'Bantaunten', '08522233444', '2020-01-24 15:29:09', '2020-01-24 15:29:09'),
(8, 'P006', 'Roberto', 'l', 'Brasil', '', '2020-01-25 08:28:44', '2020-01-25 08:28:44'),
(9, 'P007', 'Andika Dwi P', 'l', 'Bentala Cilongok', '', '2020-02-06 15:32:52', '2020-02-06 15:32:52'),
(10, 'P008', 'Customer 2', 'l', 'Cilongok RT 01 RW 03', '084233423424', '2020-02-13 03:22:59', '2020-02-13 03:22:59');

-- --------------------------------------------------------

--
-- Struktur dari tabel `login_attempts`
--

CREATE TABLE `login_attempts` (
  `id` int(11) UNSIGNED NOT NULL,
  `ip_address` varchar(45) NOT NULL,
  `login` varchar(100) NOT NULL,
  `time` int(11) UNSIGNED DEFAULT NULL
) ENGINE=InnoDB DEFAULT CHARSET=utf8;

-- --------------------------------------------------------

--
-- Struktur dari tabel `product`
--

CREATE TABLE `product` (
  `id_product` varchar(20) NOT NULL,
  `name_product` varchar(128) NOT NULL,
  `description` text,
  `stock` int(11) NOT NULL,
  `price` bigint(20) NOT NULL,
  `price_sale` bigint(20) NOT NULL,
  `price_sale_3` double NOT NULL COMMENT 'min 3 barang',
  `price_sale_5` double NOT NULL COMMENT 'min 5 qty',
  `price_sale_10` double NOT NULL COMMENT 'min 10 qty',
  `category_id` int(11) NOT NULL,
  `unit_id` int(11) DEFAULT '5',
  `create_at` timestamp NULL DEFAULT CURRENT_TIMESTAMP,
  `update_at` timestamp NULL DEFAULT CURRENT_TIMESTAMP ON UPDATE CURRENT_TIMESTAMP
) ENGINE=InnoDB DEFAULT CHARSET=latin1;

--
-- Dumping data untuk tabel `product`
--

INSERT INTO `product` (`id_product`, `name_product`, `description`, `stock`, `price`, `price_sale`, `price_sale_3`, `price_sale_5`, `price_sale_10`, `category_id`, `unit_id`, `create_at`, `update_at`) VALUES
('6925411099846', 'DEBOZ 24 COLOR', '', 20, 30000, 35000, 0, 0, 0, 19, 5, '2020-02-07 16:49:46', '2020-02-07 16:53:06'),
('8991998110111', 'CAFFINO 20GR RED', '', -1, 1200, 1600, 1500, 1400, 1300, 17, 5, '2019-10-06 09:37:17', '2020-02-13 10:41:36'),
('8995077600814', 'TICTAC 90GR', '', 87, 5000, 5800, 5500, 0, 0, 1, 5, '2020-02-12 03:10:20', '2020-02-12 03:12:08'),
('8999908000101', 'NEO RHEUMACYL 20 TABLET', '', -3, 300, 500, 0, 0, 0, 16, 5, '2019-08-28 17:00:00', '2019-10-11 06:24:59'),
('8999908000200', 'BODREX TAB LAPIS DUA 20 TABLET', '', 25, 5000, 6000, 0, 0, 0, 16, 5, '2019-08-28 17:00:00', '2020-02-16 06:02:47'),
('8999908000705', 'BODREXIN 20 TABLET', '', 8, 6000, 7500, 7400, 7300, 7200, 16, 5, '2019-08-28 17:00:00', '2020-02-12 14:54:48'),
('8999908000903', 'FLUCYL 4TAB', '', 45, 17000, 18000, 0, 0, 0, 16, 5, '2019-08-28 17:00:00', '2019-10-30 15:49:14'),
('8999908001108', 'FLUCYL SIRUP 60 ML', '', 57, 18000, 20000, 0, 0, 0, 16, 5, '2019-08-28 17:00:00', '2019-09-20 10:39:41'),
('8999908001207', 'OBB OBAT BATUK 60ML', '', 43, 3000, 3500, 0, 0, 0, 16, 5, '2019-08-28 17:00:00', '2019-09-21 01:32:19'),
('8999908001603', 'VIDORAN SYRUP RS JERUK 225ML', 'Sirup Jeruk Merek Vidoran Yahuud', 10, 22000, 25000, 24000, 23000, 0, 16, 5, '2019-08-28 17:00:00', '2020-02-13 10:39:39'),
('8999908001801', 'VIDORAN SIRUP RASA JERUK 120', '', 69, 4000, 5000, 0, 4800, 0, 16, 5, '2019-08-28 17:00:00', '2020-02-16 06:02:47'),
('8999908002006', 'PRITHO JUNIOR SOFT', '', 46, 44532, 56554, 0, 0, 0, 16, 5, '2019-08-28 17:00:00', '2020-02-16 15:08:48'),
('8999908005007', 'VITAMIN B1 IPI 50TAB', '', 24, 25010, 55000, 54000, 53000, 50000, 16, 5, '2019-08-28 17:00:00', '2020-02-13 10:30:15'),
('8999908005106', 'VITAMIN B IPI 50TAB', '', 28, 38981, 50302, 0, 0, 0, 16, 5, '2019-08-28 17:00:00', '2020-02-16 15:08:48'),
('8999908005205', 'VITAMIN C IPI 50TAB', '', 33, 39843, 55000, 54000, 53000, 52000, 16, 5, '2019-08-28 17:00:00', '2020-02-16 15:08:48'),
('8999908005304', 'VITAMIN B12 IPI 50TAB', '', 24, 36465, 50000, 48000, 45000, 40000, 16, 5, '2019-08-28 17:00:00', '2020-02-13 03:22:03'),
('8999908005502', 'VITAMIN A IPI 50TAB', '', 30, 49049, 69077, 0, 0, 0, 16, 5, '2019-08-28 17:00:00', '2020-02-12 14:54:00'),
('8999908006301', 'F  N SODA WATER 330 ML', '', 32, 40821, 59336, 0, 0, 0, 16, 5, '2019-08-28 17:00:00', '2020-02-12 14:53:06'),
('8999908006400', 'F N COFFEE CREAM 330ML', '', 5, 13058, 22000, 21000, 20000, 0, 17, 5, '2019-08-28 17:00:00', '2020-02-07 18:45:52'),
('8999908006509', 'F N ORANGE 330 ML', '', 20, 18332, 22224, 0, 0, 0, 16, 5, '2019-08-28 17:00:00', '2020-01-30 15:18:16'),
('8999908006608', 'F N STRAWB 330 ML', '', 45, 42277, 63399, 0, 0, 0, 16, 5, '2019-08-28 17:00:00', '2020-01-30 15:18:16'),
('8999908006707', 'F  N SARSI 330 ML', '', 30, 16955, 46187, 0, 0, 0, 16, 5, '2019-08-28 17:00:00', '2020-02-13 10:14:34'),
('8999908006806', 'F & N KRIM SODA 330ML', '', 39, 28228, 51918, 0, 0, 0, 16, 5, '2019-08-28 17:00:00', '2019-08-28 17:00:00'),
('8999908007803', 'PRITHO JUN.FRUIT APEL', '', 28, 30000, 35000, 0, 0, 0, 16, 5, '2019-08-28 17:00:00', '2020-02-13 03:24:22'),
('8999908007902', 'PRITHO JUNIOR SOFT STRAWB', '', 5, 21331, 40682, 0, 0, 0, 16, 5, '2019-08-28 17:00:00', '2020-02-16 14:18:55'),
('8999908008008', 'PRITHO JUNIOR SOFT ORANGE', '', 42, 18964, 55155, 0, 0, 0, 16, 5, '2019-08-28 17:00:00', '2019-10-06 09:41:45'),
('8999908008107', 'PRITHO SPESIAL', '', 9, 41618, 47036, 0, 0, 0, 16, 5, '2019-08-28 17:00:00', '2019-09-22 02:59:35'),
('8999908008305', 'PRITHO DOUBLE ACTION', '', 32, 28483, 38411, 0, 0, 0, 16, 5, '2019-08-28 17:00:00', '2020-02-07 16:20:51'),
('8999908008503', 'PRITHO SUPER SOFT TO MEDIUM', '', 43, 42935, 63799, 0, 0, 0, 16, 5, '2019-08-28 17:00:00', '2020-02-04 11:07:43'),
('8999908008909', 'PRITHO FANTASTIC SOFT TO MEDIU', '', 19, 48428, 50571, 0, 0, 0, 16, 5, '2019-08-28 17:00:00', '2020-02-12 12:25:09'),
('8999908009203', 'CLAUDIA BEAUTY HIJAU 80G', '', 32, 27004, 46129, 0, 0, 0, 16, 5, '2019-08-28 17:00:00', '2019-08-28 17:00:00'),
('8999908009302', 'CLAUDIA BEAUTY WHITE 80G', '', 10, 42131, 54273, 0, 0, 0, 16, 5, '2019-08-28 17:00:00', '2020-02-12 12:25:09'),
('8999908009401', 'CLAUDIA BEAUTY PINK 80G', '', 20, 16006, 22000, 21000, 20000, 0, 16, 5, '2019-08-28 17:00:00', '2020-02-13 10:29:25'),
('8999908009807', 'MARINA MILK CLEANS 100M', '', 84, 20000, 25000, 0, 0, 0, 16, 5, '2019-08-28 17:00:00', '2020-02-16 14:18:56'),
('8999908009906', 'MARINA FACE TONIC 100M', '', 23, 30000, 35000, 0, 0, 0, 16, 5, '2019-08-28 17:00:00', '2020-02-17 02:22:43'),
('8999908010001', 'MARINA ASTRINGENT 100M', '', 13, 19968, 31419, 0, 0, 0, 16, 5, '2019-08-28 17:00:00', '2020-02-08 13:32:08'),
('8999908010100', 'MARINA H&B LOT PINK 100M', '', 39, 16785, 35614, 0, 0, 0, 16, 5, '2019-08-28 17:00:00', '2019-08-28 17:00:00'),
('8999908010209', 'MARINA H&B LOTION CREAM 100M', '', 30, 25832, 34572, 0, 0, 0, 16, 5, '2019-08-28 17:00:00', '2019-08-28 17:00:00'),
('8999908010308', 'MARINA H&B LOTION ALOE V 100M', '', 44, 15792, 62750, 0, 0, 0, 16, 5, '2019-08-28 17:00:00', '2019-08-28 17:00:00'),
('8999908010407', 'MARINA H&B LOTION PINK 200M', '', 26, 22287, 26493, 0, 0, 0, 16, 5, '2019-08-28 17:00:00', '2019-08-28 17:00:00'),
('8999908010506', 'MARINA H&B LOTION CREAM 200M', '', 34, 45256, 59712, 0, 0, 0, 16, 5, '2019-08-28 17:00:00', '2019-08-28 17:00:00'),
('8999908010605', 'MARINA H&B UV WHITE 100M', '', 32, 25860, 69746, 0, 0, 0, 16, 5, '2019-08-28 17:00:00', '2019-08-28 17:00:00'),
('8999908010704', 'MARINA H&B UV WHITE 200M MULBE', '', 24, 47028, 62301, 0, 0, 0, 16, 5, '2019-08-28 17:00:00', '2019-08-28 17:00:00'),
('8999908028204', 'REVLON H&B WHITE 350M', '', 28, 38544, 49296, 0, 0, 0, 16, 5, '2019-08-28 17:00:00', '2019-08-28 17:00:00'),
('8999908029607', 'NATURAL HONEY HBL DRY 100ML', '', 44, 50000, 55000, 54000, 53000, 52000, 16, 5, '2019-08-28 17:00:00', '2020-02-16 14:18:56'),
('8999908029706', 'NATURAL HONEY HBL EXTRA 100ML', '', 38, 26443, 46955, 0, 0, 0, 16, 5, '2019-08-28 17:00:00', '2020-01-01 01:26:34'),
('8999908030108', 'NATURAL HONEY HBL DRY 200ML', '', 34, 12258, 14221, 0, 0, 0, 16, 5, '2019-08-28 17:00:00', '2019-10-03 12:44:19'),
('8999908030207', 'NATURAL HONEY HBL EXTRA 200ML', '', 20, 30000, 32000, 31000, 0, 30500, 16, 5, '2019-08-28 17:00:00', '2020-02-07 04:27:50'),
('8999908030306', 'REVLON H&B ALOE VERA 200M', '', 29, 15762, 26557, 0, 0, 0, 16, 5, '2019-08-28 17:00:00', '2019-08-28 17:00:00'),
('8999908030603', 'REVLON H&B NORM DRY SKIN 350M', '', 34, 39180, 53824, 0, 0, 0, 16, 5, '2019-08-28 17:00:00', '2019-08-28 17:00:00'),
('8999908030702', 'REVLON H&B EXTR DRY SKIN 350M', '', 24, 19219, 23503, 0, 0, 0, 16, 5, '2019-08-28 17:00:00', '2019-08-28 17:00:00'),
('8999908030801', 'NATURAL HONEY HBL WHITE 100ML', '', 43, 16838, 66703, 0, 0, 0, 16, 5, '2019-08-28 17:00:00', '2019-08-28 17:00:00'),
('8999908030900', 'NATURAL HONEY HBL WHITE 200ML', '', 17, 19969, 51198, 0, 0, 0, 16, 5, '2019-08-28 17:00:00', '2020-02-17 02:22:43'),
('8999908031303', 'CHARLIE DEO STICK ORIGIN 40G', '', 26, 23586, 28462, 0, 0, 0, 16, 5, '2019-08-28 17:00:00', '2020-02-12 12:26:15'),
('8999908032003', 'REVLON ZP11 MENTHOL SHP AK 100', '', 50, 36688, 48733, 0, 0, 0, 16, 5, '2019-08-28 17:00:00', '2019-08-28 17:00:00'),
('8999908032102', 'REVLON ZP11 MENTHOL SHP AK 200', '', 17, 22679, 59452, 0, 0, 0, 16, 5, '2019-08-28 17:00:00', '2020-01-01 01:26:34'),
('8999908034106', 'VIDORAN SMART 30TAB', '', 48, 29308, 58365, 0, 0, 0, 16, 5, '2019-08-28 17:00:00', '2019-08-28 17:00:00'),
('8999908034205', 'HEMAVITON ENERGI DRINK 150 ML', '', 37, 21138, 30500, 0, 0, 0, 16, 5, '2019-08-28 17:00:00', '2019-09-28 18:46:03'),
('8999908034601', 'TOTALCARE JUNIOR ORANGE 50G', '', 18, 25529, 32868, 0, 0, 0, 16, 5, '2019-08-28 17:00:00', '2020-02-06 15:04:51'),
('8999908034700', 'TOTALCARE JUNIOR STRAWB 50G', '', 44, 33295, 50243, 0, 0, 0, 16, 5, '2019-08-28 17:00:00', '2019-08-28 17:00:00'),
('8999908034908', 'TOTAL CARE COOL MINT 100ML', '', 7, 34021, 50000, 48000, 47000, 45000, 16, 5, '2019-08-28 17:00:00', '2020-01-30 15:18:16'),
('8999908037909', 'PRITHO OPTIMA', '', 31, 25534, 42156, 0, 0, 0, 16, 5, '2019-08-28 17:00:00', '2019-08-28 17:00:00'),
('8999908039002', 'CONTREX OBAT FLU 4 TABLET', '', 33, 29846, 44218, 0, 0, 0, 16, 5, '2019-08-28 17:00:00', '2019-08-28 17:00:00'),
('8999908039101', 'CONTREXYN R JERUK 4TAB', '', 31, 41577, 52879, 0, 0, 0, 16, 5, '2019-08-28 17:00:00', '2020-02-12 12:26:15'),
('8999908039309', 'OSKADON O S KEPALA 4TAB', '', 27, 5000, 6000, 5800, 5500, 5300, 16, 5, '2019-08-28 17:00:00', '2020-02-07 18:24:05'),
('8999908040305', 'MARINA FACE POWD IVORY 25GR', '', 32, 28282, 33802, 0, 0, 0, 16, 5, '2019-08-28 17:00:00', '2019-08-28 17:00:00'),
('8999908040404', 'MARINA FACE POWD OLIVE 25GR', '', 16, 42589, 63091, 0, 0, 0, 16, 5, '2019-08-28 17:00:00', '2019-08-28 17:00:00'),
('8999908040503', 'MARINA FACE POWD BEIGE 25GR', '', 48, 14928, 45077, 0, 0, 0, 16, 5, '2019-08-28 17:00:00', '2019-10-02 00:21:57'),
('8999908040602', 'MARINA FACE POWD NATURAL 25GR', '', 15, 30201, 35643, 0, 0, 0, 16, 5, '2019-08-28 17:00:00', '2019-09-26 17:26:28'),
('8999908040701', 'MARINA FACE POWD IVORY 40GR', '', 17, 47011, 60889, 0, 0, 0, 16, 5, '2019-08-28 17:00:00', '2020-01-24 15:42:19'),
('8999908040800', 'MARINA FACE POWD OLIVE 40GR', '', 35, 49731, 50333, 0, 0, 0, 16, 5, '2019-08-28 17:00:00', '2019-08-28 17:00:00'),
('8999908040909', 'MARINA FACE POWD BEIGE 40GR', '', 33, 33499, 41289, 0, 0, 0, 16, 5, '2019-08-28 17:00:00', '2019-08-28 17:00:00'),
('8999908041005', 'MARINA FACE POWD NATURAL 40GR', '', 49, 32285, 38528, 0, 0, 0, 16, 5, '2019-08-28 17:00:00', '2019-08-28 17:00:00'),
('8999908041104', 'MARINA COMP POWD IVORY 12GR', '', 21, 24611, 67686, 0, 0, 0, 16, 5, '2019-08-28 17:00:00', '2020-02-17 02:22:43'),
('8999908041203', 'MARINA COMP POWD OLIVE 12GR', '', 50, 36952, 50542, 0, 0, 0, 16, 5, '2019-08-28 17:00:00', '2019-08-28 17:00:00'),
('8999908041302', 'MARINA COMPACT POWDER 03 BEIGE', '', 9, 37798, 41000, 40000, 0, 0, 16, 5, '2019-08-28 17:00:00', '2020-02-07 16:08:56'),
('8999908041401', 'MARINA COMP POWD NATURAL 12GR', '', 48, 47666, 64611, 0, 0, 0, 16, 5, '2019-08-28 17:00:00', '2019-08-28 17:00:00'),
('8999908042002', 'VIDORAN VISION RS JERUK 30TAB', '', 35, 47136, 56312, 0, 0, 0, 16, 5, '2019-08-28 17:00:00', '2019-08-28 17:00:00'),
('8999908042408', 'MY BABY POWDER 50 GR', '', 20, 28926, 30756, 0, 0, 0, 16, 5, '2019-08-28 17:00:00', '2019-10-01 01:55:07'),
('8999908042507', 'MY BABY POWDER 150G', '', 42, 15944, 23424, 0, 0, 0, 16, 5, '2019-08-28 17:00:00', '2019-08-28 17:00:00'),
('8999908042606', 'MY BABY POWDER 250G', '', 33, 31474, 44053, 0, 0, 0, 16, 5, '2019-08-28 17:00:00', '2019-08-28 17:00:00'),
('8999908042705', 'MY BABY POWDER 350G', '', 36, 37461, 37994, 0, 0, 0, 16, 5, '2019-08-28 17:00:00', '2019-08-28 17:00:00'),
('8999908042804', 'MY BABY POWDER BIANG K 150G', '', 17, 45126, 46789, 0, 0, 0, 16, 5, '2019-08-28 17:00:00', '2019-08-28 17:00:00'),
('8999908043009', 'MY BABY SOAP 80G', '', 45, 36721, 47426, 0, 0, 0, 16, 5, '2019-08-28 17:00:00', '2019-08-28 17:00:00'),
('8999908043108', 'MY BABY SOAP 100G', '', 36, 41366, 58496, 0, 0, 0, 16, 5, '2019-08-28 17:00:00', '2019-08-28 17:00:00'),
('8999908043207', 'MY BABY SHAMPO 50ML', '', 27, 39101, 52131, 0, 0, 0, 16, 5, '2019-08-28 17:00:00', '2019-08-28 17:00:00'),
('8999908043306', 'MY BABY BB SHAMPOO 100M', '', 23, 42612, 43982, 0, 0, 0, 16, 5, '2019-08-28 17:00:00', '2019-09-10 06:29:01'),
('8999908043504', 'MY BABY BB OIL 100M', '', 49, 31732, 59783, 0, 0, 0, 16, 5, '2019-08-28 17:00:00', '2019-08-28 17:00:00'),
('8999908043702', 'MY BABY BB LOTION 100M', '', 26, 48221, 65179, 0, 0, 0, 16, 5, '2019-08-28 17:00:00', '2019-08-28 17:00:00'),
('8999908043801', 'OSKADON SP 4 TABLET', '', 38, 13997, 27300, 0, 0, 0, 16, 5, '2019-08-28 17:00:00', '2019-08-28 17:00:00'),
('8999908044006', 'MY BABY MINYAK TELON 60 ML', '', 25, 43756, 54595, 0, 0, 0, 16, 5, '2019-08-28 17:00:00', '2019-08-28 17:00:00'),
('8999908044105', 'MARINA SPL COL ROMANTIC 50M', '', 46, 22347, 62728, 0, 0, 0, 16, 5, '2019-08-28 17:00:00', '2019-08-28 17:00:00'),
('8999908044204', 'MARINA SPL COL JAZZ 50ML', '', 47, 17985, 30708, 0, 0, 0, 16, 5, '2019-08-28 17:00:00', '2019-08-28 17:00:00'),
('8999908044303', 'MARINA SPL COL HIP HOP POP 50M', '', 30, 13108, 36658, 0, 0, 0, 16, 5, '2019-08-28 17:00:00', '2020-02-17 02:22:43'),
('8999908044402', 'MARINA SPL COL ROMANTIC 100M', '', 47, 32238, 69733, 0, 0, 0, 16, 5, '2019-08-28 17:00:00', '2019-08-28 17:00:00'),
('8999908044501', 'MARINA SPL COL JAZZY JAZZ 100M', '', 42, 20696, 31707, 0, 0, 0, 16, 5, '2019-08-28 17:00:00', '2019-08-28 17:00:00'),
('8999908044600', 'MARINA SPL COL HIP HOP POP 100', '', 24, 17481, 40939, 0, 0, 0, 16, 5, '2019-08-28 17:00:00', '2019-08-28 17:00:00'),
('8999908044709', 'MARINA TALC ROMANTIC 50GR', '', 24, 47555, 63363, 0, 0, 0, 16, 5, '2019-08-28 17:00:00', '2019-08-28 17:00:00'),
('8999908044808', 'MARINA TALC EXOTIC 50GR', '', 11, 36336, 66815, 0, 0, 0, 16, 5, '2019-08-28 17:00:00', '2019-08-28 17:00:00'),
('8999908044907', 'MARINA TALK INNOCENT 50GR', '', 16, 44378, 54720, 0, 0, 0, 16, 5, '2019-08-28 17:00:00', '2019-08-28 17:00:00'),
('8999908045409', 'MARINA UV WHITE MOIST 50ML', '', 34, 44560, 46783, 0, 0, 0, 16, 5, '2019-08-28 17:00:00', '2019-08-28 17:00:00'),
('8999908045607', 'MARINA H&B FRESH HONEY 100M', '', 50, 26954, 30118, 0, 0, 0, 16, 5, '2019-08-28 17:00:00', '2019-08-28 17:00:00'),
('8999908045706', 'MARINA H&B FRESH HONEY 200M', '', 11, 35185, 44405, 0, 0, 0, 16, 5, '2019-08-28 17:00:00', '2019-08-28 17:00:00'),
('8999908045805', 'HEMAVITON JRENG BOX 10X4 GR', '', 25, 29387, 39071, 0, 0, 0, 16, 5, '2019-08-28 17:00:00', '2019-08-28 17:00:00'),
('8999908045812', 'HEMAVITON JRENG 4G', '', 38, 36424, 40561, 0, 0, 0, 16, 5, '2019-08-28 17:00:00', '2019-08-28 17:00:00'),
('8999908045904', 'MY BABY PAKET TAS', '', 35, 30816, 63495, 0, 0, 0, 16, 5, '2019-08-28 17:00:00', '2019-08-28 17:00:00'),
('8999908046000', 'TOTALCARE ANTBACTREIAL GEL 60G', '', 28, 35513, 52021, 0, 0, 0, 16, 5, '2019-08-28 17:00:00', '2019-08-28 17:00:00'),
('8999908046109', 'TOTALCARE BACTERIAL GEL 95GR', '', 38, 21732, 32818, 0, 0, 0, 16, 5, '2019-08-28 17:00:00', '2019-08-28 17:00:00'),
('8999908046604', 'REVLON FLEX SHAM NOURISH 100M', '', 35, 36913, 67039, 0, 0, 0, 16, 5, '2019-08-28 17:00:00', '2019-09-25 15:33:45'),
('8999908046703', 'REVLON FLEX SHAM PURIFY 100M', '', 18, 38259, 68045, 0, 0, 0, 16, 5, '2019-08-28 17:00:00', '2019-08-28 17:00:00'),
('8999908046802', 'REVLON FLEX SHAM VOLUMIS 100M', '', 11, 41593, 45095, 0, 0, 0, 16, 5, '2019-08-28 17:00:00', '2019-08-28 17:00:00'),
('8999908046901', 'REVLON FLEX SHAM REVITAL 100M', '', 19, 35009, 65918, 0, 0, 0, 16, 5, '2019-08-28 17:00:00', '2019-08-28 17:00:00'),
('8999908047106', 'REVLON FLEX SHP NOURIS 350 ML', '', 39, 20593, 23310, 0, 0, 0, 16, 5, '2019-08-28 17:00:00', '2019-08-28 17:00:00'),
('8999908047205', 'REVLON FLEX SHP PURIFYI 350 ML', '', 14, 35312, 43698, 0, 0, 0, 16, 5, '2019-08-28 17:00:00', '2019-09-29 00:12:34'),
('8999908047304', 'REVLON FLEX SHP VOLUMI 350 ML', '', 38, 23307, 57516, 0, 0, 0, 16, 5, '2019-08-28 17:00:00', '2019-08-28 17:00:00'),
('8999908047403', 'REVLON FLEX SHP REVITAL 350 ML', '', 27, 40085, 55075, 0, 0, 0, 16, 5, '2019-08-28 17:00:00', '2019-08-28 17:00:00'),
('8999908047601', 'REVLON FLEX COND NOURIS 100', '', 38, 46128, 61165, 0, 0, 0, 16, 5, '2019-08-28 17:00:00', '2019-08-28 17:00:00'),
('8999908047809', 'REVLON FLEX SHAM VOLUMIZ 100M', '', 50, 40021, 43253, 0, 0, 0, 16, 5, '2019-08-28 17:00:00', '2019-08-28 17:00:00'),
('8999908047908', 'REVLON FLEX COND REVITAL 100', '', 45, 18434, 52361, 0, 0, 0, 16, 5, '2019-08-28 17:00:00', '2019-08-28 17:00:00'),
('8999908048103', 'REVLON FLEX SHAM NOURISH 200M', '', 9, 12253, 57708, 0, 0, 0, 16, 5, '2019-08-28 17:00:00', '2019-09-25 15:33:45'),
('8999908049001', 'CHARLIE ROLL ON DEO BLUE 50M', '', 14, 33744, 44717, 0, 0, 0, 16, 5, '2019-08-28 17:00:00', '2019-08-28 17:00:00'),
('8999908049100', 'CHARLIE DEO ROLL ON RED 50M', '', 12, 14097, 17520, 0, 0, 0, 16, 5, '2019-08-28 17:00:00', '2019-08-28 17:00:00'),
('8999908049209', 'CHARLIE ROLL ON DEO WHITE 50M', '', 33, 22562, 43503, 0, 0, 0, 16, 5, '2019-08-28 17:00:00', '2019-08-28 17:00:00'),
('8999908049308', 'CHARLIE ROLL ON DEO GOLD 50M', '', 28, 22482, 49796, 0, 0, 0, 16, 5, '2019-08-28 17:00:00', '2019-08-28 17:00:00'),
('8999908050205', 'MARINA SOAP CHARMING 75G', '', 12, 34938, 47903, 0, 0, 0, 16, 5, '2019-08-28 17:00:00', '2019-08-28 17:00:00'),
('8999908050304', 'MARINA SOAP ENERGIC 75G', '', 10, 32982, 49362, 0, 0, 0, 16, 5, '2019-08-28 17:00:00', '2019-08-28 17:00:00'),
('8999908050403', 'MARINA SOAP CHIC 75G', '', 10, 47620, 59658, 0, 0, 0, 16, 5, '2019-08-28 17:00:00', '2019-08-28 17:00:00'),
('8999908050601', 'NEO RHEUMACYL CREAM 30GR', '', 23, 48376, 65087, 0, 0, 0, 16, 5, '2019-08-28 17:00:00', '2019-08-28 17:00:00'),
('8999908050908', 'PRITHO DIAMOND SOFT TO MEDIUM', '', 30, 19711, 40105, 0, 0, 0, 16, 5, '2019-08-28 17:00:00', '2019-08-28 17:00:00'),
('8999908051608', 'F & N BUAH-BUAHAN 330 ML', '', 29, 10889, 13218, 0, 0, 0, 16, 5, '2019-08-28 17:00:00', '2019-08-28 17:00:00'),
('8999908051707', 'F & N ZAPPEL 330 ML', '', 18, 42815, 60274, 0, 0, 0, 16, 5, '2019-08-28 17:00:00', '2019-08-28 17:00:00'),
('8999908051806', 'F & N ANGGUR 330 ML', '', 50, 32221, 68460, 0, 0, 0, 16, 5, '2019-08-28 17:00:00', '2019-08-28 17:00:00'),
('8999908052001', 'MARINA HAND BODY FRUITY 100 ML', '', 42, 23912, 26171, 0, 0, 0, 16, 5, '2019-08-28 17:00:00', '2019-08-28 17:00:00'),
('8999908052100', 'MARINA HAND BODY FLORAL 100 ML', '', 36, 29944, 34342, 0, 0, 0, 16, 5, '2019-08-28 17:00:00', '2019-08-28 17:00:00'),
('8999908052209', 'MARINA COLOGNE GEL LOVELY 50M', '', 12, 16380, 27325, 0, 0, 0, 16, 5, '2019-08-28 17:00:00', '2019-08-28 17:00:00'),
('8999908052306', 'MARINA COLOGNE GEL CARING 50M', '', 34, 42382, 56377, 0, 0, 0, 16, 5, '2019-08-28 17:00:00', '2019-08-28 17:00:00'),
('8999908052308', 'MARINA COLOGNE GEL LOVELY 50M', '', 12, 31078, 56875, 0, 0, 0, 16, 5, '2019-08-28 17:00:00', '2019-08-28 17:00:00'),
('8999908052407', 'MARINA COLOGNE GEL HAPPY 50ML', '', 40, 48222, 53435, 0, 0, 0, 16, 5, '2019-08-28 17:00:00', '2019-08-28 17:00:00'),
('8999908052506', 'MARINA COLOGNE GEL LOVELY 100M', '', 45, 14590, 44852, 0, 0, 0, 16, 5, '2019-08-28 17:00:00', '2019-08-28 17:00:00'),
('8999908052605', 'MARINA COLOGNE GEL CARING 100M', '', 22, 27151, 52809, 0, 0, 0, 16, 5, '2019-08-28 17:00:00', '2019-08-28 17:00:00'),
('8999908052704', 'MARINA COLOGNE GEL HAPPY 100M', '', 42, 34086, 38025, 0, 0, 0, 16, 5, '2019-08-28 17:00:00', '2019-08-28 17:00:00'),
('8999908052803', 'MARINA SWEET COMP WHITE 14 GR', '', 42, 30738, 65537, 0, 0, 0, 16, 5, '2019-08-28 17:00:00', '2019-08-28 17:00:00'),
('8999908052902', 'MARINA SWEET COMP POWD IVO 14G', '', 42, 30363, 39163, 0, 0, 0, 16, 5, '2019-08-28 17:00:00', '2019-08-28 17:00:00'),
('8999908053008', 'MARINA SWEET COMP PEACH 14 GR', '', 39, 33489, 44690, 0, 0, 0, 16, 5, '2019-08-28 17:00:00', '2019-08-28 17:00:00'),
('8999908053206', 'PRITHO DIAMOND HELM', '', 34, 28274, 46889, 0, 0, 0, 16, 5, '2019-08-28 17:00:00', '2019-08-28 17:00:00'),
('8999908053305', 'PRITHO PANTASTIC HELM', '', 22, 29489, 66414, 0, 0, 0, 16, 5, '2019-08-28 17:00:00', '2019-08-28 17:00:00'),
('8999908053404', 'PRITHO DIAMOND FAMILI PACK', '', 27, 18683, 64715, 0, 0, 0, 16, 5, '2019-08-28 17:00:00', '2019-08-28 17:00:00'),
('8999908053800', 'MY BABY POWDER SWEET FL 50G', '', 48, 42259, 66460, 0, 0, 0, 16, 5, '2019-08-28 17:00:00', '2019-08-28 17:00:00'),
('8999908053909', 'MY BABY SWEET FLORAL 150G', '', 27, 18114, 65356, 0, 0, 0, 16, 5, '2019-08-28 17:00:00', '2019-08-28 17:00:00'),
('8999908054005', 'MY BABY POWDER SWEET F 250G', '', 11, 19234, 29950, 0, 0, 0, 16, 5, '2019-08-28 17:00:00', '2019-08-28 17:00:00'),
('8999908054104', 'MY BABY POWDER SWEET F 350G', '', 18, 32096, 65430, 0, 0, 0, 16, 5, '2019-08-28 17:00:00', '2019-08-28 17:00:00'),
('8999908054203', 'MY BABY SOAP SWEET FLORAL 80G', '', 45, 27013, 63486, 0, 0, 0, 16, 5, '2019-08-28 17:00:00', '2019-08-28 17:00:00'),
('8999908054302', 'MY BABY SOAP SWEET FLORAL 100G', '', 21, 41123, 69833, 0, 0, 0, 16, 5, '2019-08-28 17:00:00', '2019-08-28 17:00:00'),
('8999908056207', 'HEMAVITON CAP 5 S', '', 38, 38343, 52819, 0, 0, 0, 16, 5, '2019-08-28 17:00:00', '2019-08-28 17:00:00'),
('8999908056603', 'DIACYL TABLET 4 TABLET', '', 37, 27707, 56763, 0, 0, 0, 16, 5, '2019-08-28 17:00:00', '2019-08-28 17:00:00'),
('8999908057105', 'NEO HORMOVITON 5KAP', '', 41, 17044, 34789, 0, 0, 0, 16, 5, '2019-08-28 17:00:00', '2019-08-28 17:00:00'),
('8999908057303', 'VIDORAN PLUS 120 ML', '', 12, 16705, 55639, 0, 0, 0, 16, 5, '2019-08-28 17:00:00', '2019-08-28 17:00:00'),
('8999908057709', 'BODREX FLU & BATUK 4 KAPLET', '', 25, 25512, 65166, 0, 0, 0, 16, 5, '2019-08-28 17:00:00', '2019-08-28 17:00:00'),
('8999908057907', 'NEO HORMOVITON GRENG 10X4,2GR', '', 26, 14147, 33527, 0, 0, 0, 16, 5, '2019-08-28 17:00:00', '2019-08-28 17:00:00'),
('8999908058003', 'HORMOVITON GRENG SACHET', '', 20, 12734, 13101, 0, 0, 0, 16, 5, '2019-08-28 17:00:00', '2019-08-28 17:00:00'),
('8999908058102', 'BODREXIN SRP JR MANIS 56ML', '', 29, 39755, 69975, 0, 0, 0, 16, 5, '2019-08-28 17:00:00', '2019-08-28 17:00:00'),
('8999908058201', 'MY BABY KIT CLASSIC PAKET BSR', '', 24, 36947, 49605, 0, 0, 0, 16, 5, '2019-08-28 17:00:00', '2019-08-28 17:00:00'),
('8999908058607', 'CLAUDIA BEAUTY + LEMON 80GR', '', 22, 19097, 42370, 0, 0, 0, 16, 5, '2019-08-28 17:00:00', '2019-08-28 17:00:00'),
('8999908058706', 'CLAUDIA BEAUTY + APPLE 80GR', '', 46, 23254, 57588, 0, 0, 0, 16, 5, '2019-08-28 17:00:00', '2019-08-28 17:00:00'),
('8999908058805', 'CLAUDIA BEAUTY + PEACH 80GR', '', 24, 46704, 58720, 0, 0, 0, 16, 5, '2019-08-28 17:00:00', '2019-08-28 17:00:00'),
('8999908058904', 'MARINA SOAP FUNKY BERRY 80 GR', '', 19, 12356, 61603, 0, 0, 0, 16, 5, '2019-08-28 17:00:00', '2019-08-28 17:00:00'),
('8999908059000', 'MARINA SOAP JAZZY ORENZ 80 GR', '', 39, 37730, 45467, 0, 0, 0, 16, 5, '2019-08-28 17:00:00', '2019-08-28 17:00:00'),
('8999908059109', 'HEMAVITON HEALTH DRINK 150ML', '', 38, 15406, 16821, 0, 0, 0, 16, 5, '2019-08-28 17:00:00', '2019-08-28 17:00:00'),
('8999908059208', 'HEMAVITON ECHINACEA PLUS', '', 20, 37086, 37504, 0, 0, 0, 16, 5, '2019-08-28 17:00:00', '2019-08-28 17:00:00'),
('8999908059307', 'HEMAVITON ECHINACEA + 4GR', '', 44, 33036, 55671, 0, 0, 0, 16, 5, '2019-08-28 17:00:00', '2019-08-28 17:00:00'),
('8999908059314', 'HEMAVITON ECHINACEA PLUS 10SCT', '', 36, 45594, 55785, 0, 0, 0, 16, 5, '2019-08-28 17:00:00', '2019-08-28 17:00:00'),
('8999908059406', 'TOTALCARE JUNIOR CHOCO CHIP 50', '', 11, 38533, 46667, 0, 0, 0, 16, 5, '2019-08-28 17:00:00', '2019-08-28 17:00:00'),
('8999908059604', 'MY BABY SOAP F FRUITY 80GR', '', 23, 32168, 59290, 0, 0, 0, 16, 5, '2019-08-28 17:00:00', '2019-08-28 17:00:00'),
('8999908059703', 'MY BABY SOAP FRESH FRUITY 100G', '', 40, 26280, 29335, 0, 0, 0, 16, 5, '2019-08-28 17:00:00', '2019-08-28 17:00:00'),
('8999908059802', 'MY BABY POWDER F FRUITY 50GR', '', 23, 11559, 18990, 0, 0, 0, 16, 5, '2019-08-28 17:00:00', '2019-08-28 17:00:00'),
('8999908059901', 'MY BABY POWD F FRUITY 150G', '', 10, 48992, 51392, 0, 0, 0, 16, 5, '2019-08-28 17:00:00', '2019-08-28 17:00:00'),
('8999908060006', 'MY BABY POWDER F FRUITY 250G', '', 29, 24068, 40711, 0, 0, 0, 16, 5, '2019-08-28 17:00:00', '2019-08-28 17:00:00'),
('8999908060105', 'MY BABY POWDER F FRUITY 350G', '', 45, 49966, 58517, 0, 0, 0, 16, 5, '2019-08-28 17:00:00', '2019-08-28 17:00:00'),
('8999908060204', 'MY BABY SKIN PROTECTIVE LOT 50', '', 22, 31643, 68118, 0, 0, 0, 16, 5, '2019-08-28 17:00:00', '2019-08-28 17:00:00'),
('8999908060402', 'MY BABY COLOGNE 100ML', '', 31, 45306, 59479, 0, 0, 0, 16, 5, '2019-08-28 17:00:00', '2019-08-28 17:00:00'),
('8999908060501', 'MY BABY COLOGNE GEL PINK 100ML', '', 10, 44147, 52605, 0, 0, 0, 16, 5, '2019-08-28 17:00:00', '2019-09-04 12:19:02'),
('8999908060600', 'MARINA HBL NAT CHAMOMILE 100ML', '', 17, 10557, 25660, 0, 0, 0, 16, 5, '2019-08-28 17:00:00', '2019-08-28 17:00:00'),
('8999908060709', 'MARINA HBL NAT GINGSENG 100ML', '', 45, 17927, 40393, 0, 0, 0, 16, 5, '2019-08-28 17:00:00', '2019-08-28 17:00:00'),
('8999908060808', 'MARINA HBL NAT GREEN TEA 100ML', '', 27, 20758, 46111, 0, 0, 0, 16, 5, '2019-08-28 17:00:00', '2019-08-28 17:00:00'),
('8999908060907', 'MARINA HBL NAT CHAMOMILE 200ML', '', 16, 23946, 42329, 0, 0, 0, 16, 5, '2019-08-28 17:00:00', '2019-08-28 17:00:00'),
('8999908061003', 'MARINA HBL NAT GINSENG 200ML', '', 26, 13140, 25569, 0, 0, 0, 16, 5, '2019-08-28 17:00:00', '2019-08-28 17:00:00'),
('8999908061102', 'MARINA HBL NAT HONEY 200ML', '', 13, 46281, 46646, 0, 0, 0, 16, 5, '2019-08-28 17:00:00', '2019-08-28 17:00:00'),
('8999908062000', 'VIDORAN SRP RS JERUK 120ML', '', 40, 34091, 66965, 0, 0, 0, 16, 5, '2019-08-28 17:00:00', '2019-08-28 17:00:00'),
('8999908070906', 'CLAUDIA SOAP PINK 4+KOTAK SBN', '', 13, 33234, 42256, 0, 0, 0, 16, 5, '2019-08-28 17:00:00', '2019-08-28 17:00:00'),
('8999908071309', 'CLAUDIA SOAP BIRU 4+KOTAK SBN', '', 16, 31674, 63383, 0, 0, 0, 16, 5, '2019-08-28 17:00:00', '2019-08-28 17:00:00'),
('8999908071903', 'BODREX MIGRA 4KAPLET', '', 22, 32248, 49285, 0, 0, 0, 16, 5, '2019-08-28 17:00:00', '2019-08-28 17:00:00'),
('8999908072207', 'BODREXIN EFFERVECENT 2GR', '', 46, 25439, 65617, 0, 0, 0, 16, 5, '2019-08-28 17:00:00', '2019-08-28 17:00:00'),
('8999908072405', 'PRITHO D ACTION PLUS', '', 27, 24020, 66131, 0, 0, 0, 16, 5, '2019-08-28 17:00:00', '2019-08-28 17:00:00'),
('8999908072504', 'PRITHO SPECIAL EXPRESS HELM', '', 17, 39262, 44876, 0, 0, 0, 16, 5, '2019-08-28 17:00:00', '2019-08-28 17:00:00'),
('8999908072603', 'PRITHO D ACTION HELM', '', 35, 38806, 41359, 0, 0, 0, 16, 5, '2019-08-28 17:00:00', '2019-08-28 17:00:00'),
('8999908079602', 'SOS PEMBERSIH LANTAI APL 1600M', '', 34, 45759, 68608, 0, 0, 0, 16, 5, '2019-08-28 17:00:00', '2019-08-28 17:00:00'),
('8999908079701', 'SOS PEMBERSIH LANTAI LMN 1600M', '', 43, 16125, 36595, 0, 0, 0, 16, 5, '2019-08-28 17:00:00', '2019-09-04 12:19:02'),
('8999908079800', 'SOS LANTAI ORANGE 1600 REFIL', '', 14, 17139, 69845, 0, 0, 0, 16, 5, '2019-08-28 17:00:00', '2019-08-28 17:00:00'),
('8999908081605', 'POWERFIT COKLAT 250 G', '', 28, 25028, 36877, 0, 0, 0, 16, 5, '2019-08-28 17:00:00', '2019-08-28 17:00:00'),
('8999908082602', 'MY BABY POWDER PRICKLY HEAT 50', '', 40, 22509, 58121, 0, 0, 0, 16, 5, '2019-08-28 17:00:00', '2019-08-28 17:00:00'),
('8999908082701', 'MARINA UV WHITE 100ML', '', 15, 25462, 41357, 0, 0, 0, 16, 5, '2019-08-28 17:00:00', '2019-08-28 17:00:00'),
('8999908082800', 'MARINA HBL UV WHITE 200ML MILK', '', 17, 33506, 46039, 0, 0, 0, 16, 5, '2019-08-28 17:00:00', '2019-08-28 17:00:00'),
('8999908084309', 'MARINA SPLASH COLOG DANCIN 100', '', 13, 13461, 13649, 0, 0, 0, 16, 5, '2019-08-28 17:00:00', '2019-08-28 17:00:00'),
('8999908192509', 'BODREX FLU&BATUK 10 S', '', 23, 46123, 62474, 0, 0, 0, 16, 5, '2019-08-28 17:00:00', '2019-08-28 17:00:00'),
('8999908203502', 'PRITHO DOUBLE ACTION HEMAT', '', 9, 42473, 51586, 0, 0, 0, 16, 5, '2019-08-28 17:00:00', '2019-09-04 12:19:02'),
('8999908204202', 'MY BABY MY TELON PLUS 60ML', '', 18, 44539, 61407, 0, 0, 0, 16, 5, '2019-08-28 17:00:00', '2019-08-28 17:00:00'),
('8999908204400', 'MY BABY COLOGNE FF 100 ML', '', 43, 28106, 58447, 0, 0, 0, 16, 5, '2019-08-28 17:00:00', '2019-08-28 17:00:00'),
('8999908204806', 'MY BABY SHAMPOO 200 ML', '', 14, 45193, 55311, 0, 0, 0, 16, 5, '2019-08-28 17:00:00', '2019-08-28 17:00:00'),
('8999908205308', 'MARINA SPLAS COLOG DANCIN 50ML', '', 46, 30410, 54419, 0, 0, 0, 16, 5, '2019-08-28 17:00:00', '2019-08-28 17:00:00'),
('8999908205506', 'HEMAVITON STAMINA PLUS 5S', '', 33, 28036, 58970, 0, 0, 0, 16, 5, '2019-08-28 17:00:00', '2019-08-28 17:00:00'),
('8999908205704', 'TOTAL CARE COOL MINT 250ML', '', 14, 36587, 66365, 0, 0, 0, 16, 5, '2019-08-28 17:00:00', '2019-08-28 17:00:00'),
('8999908206800', 'HEMAVITON JRENG COLA 10X4GR', '', 21, 37226, 41047, 0, 0, 0, 16, 5, '2019-08-28 17:00:00', '2019-08-28 17:00:00'),
('8999908207005', 'HEMAVITON JRENG LEMON 10X4GR', '', 49, 43273, 58502, 0, 0, 0, 16, 5, '2019-08-28 17:00:00', '2019-08-28 17:00:00'),
('8999908207104', 'HEMAVITON JRENG LEMON 4GR', '', 11, 41754, 58029, 0, 0, 0, 16, 5, '2019-08-28 17:00:00', '2019-08-28 17:00:00'),
('8999908207500', 'MY BABY FABRIC SOFT BLUE 900ML', '', 32, 22067, 57476, 0, 0, 0, 16, 5, '2019-08-28 17:00:00', '2019-08-28 17:00:00'),
('8999908207609', 'MY BABY FABRIC SOFT BLUE 1800M', '', 30, 40000, 50000, 0, 0, 0, 16, 5, '2019-08-28 17:00:00', '2019-10-10 14:54:24'),
('8999908207807', 'MY BABY FABRIC SOFT PINK 900ML', '', 45, 21633, 49200, 0, 0, 0, 16, 5, '2019-08-28 17:00:00', '2019-08-28 17:00:00'),
('8999908207906', 'MY BABY FABRIC SOFT PINK 1800M', '', 11, 10962, 35953, 0, 0, 0, 16, 5, '2019-08-28 17:00:00', '2019-08-28 17:00:00'),
('8999908208101', 'MY BABY POWDER CHAMOMILE 100G', '', 49, 30202, 38358, 0, 0, 0, 16, 5, '2019-08-28 17:00:00', '2019-08-28 17:00:00'),
('8999908208200', 'MY BABY POWDER FLORAL 100GR', '', 45, 30092, 35534, 0, 0, 0, 16, 5, '2019-08-28 17:00:00', '2019-08-28 17:00:00'),
('8999908208309', 'MY BABY POWDER FRESH FRUIT 100', '', 22, 38106, 45307, 0, 0, 0, 16, 5, '2019-08-28 17:00:00', '2019-08-28 17:00:00'),
('8999908208408', 'MY BABY MILK SOAP 100+SHP 50', '', 38, 35527, 66077, 0, 0, 0, 16, 5, '2019-08-28 17:00:00', '2019-08-28 17:00:00'),
('8999908208705', 'MY BABY MILK SOAP100+SHP50 PIN', '', 12, 16242, 52622, 0, 0, 0, 16, 5, '2019-08-28 17:00:00', '2019-08-28 17:00:00'),
('8999908209702', 'BODREXIN FLU&BATUK 56ML SYRUP', '', 31, 29749, 58888, 0, 0, 0, 16, 5, '2019-08-28 17:00:00', '2019-08-28 17:00:00'),
('8999908210005', 'HEMAVITON ACTION 5 S', '', 13, 18222, 54091, 0, 0, 0, 16, 5, '2019-08-28 17:00:00', '2019-08-28 17:00:00'),
('8999908210500', 'MARINA WHITE TWC FP 01', '', 17, 21735, 37260, 0, 0, 0, 16, 5, '2019-08-28 17:00:00', '2019-08-28 17:00:00'),
('8999908210609', 'VIDORAN PLUS RASA JERUK 225ML', '', 17, 21366, 39144, 0, 0, 0, 16, 5, '2019-08-28 17:00:00', '2019-08-28 17:00:00'),
('8999908212207', 'MARINA WHITE TWC FN 02', '', 29, 20530, 58871, 0, 0, 0, 16, 5, '2019-08-28 17:00:00', '2019-08-28 17:00:00'),
('8999908212306', 'MARINA WHITE FAC FOAM 40ML', '', 12, 40843, 48082, 0, 0, 0, 16, 5, '2019-08-28 17:00:00', '2019-08-28 17:00:00'),
('8999908212405', 'VIDORAN SMART PLUS 120 ML', '', 43, 25296, 67482, 0, 0, 0, 16, 5, '2019-08-28 17:00:00', '2019-08-28 17:00:00'),
('8999908214409', 'MARINA COLOGNE SPRY PINK 100', '', 39, 27815, 42835, 0, 0, 0, 16, 5, '2019-08-28 17:00:00', '2019-08-28 17:00:00'),
('8999908214607', 'MARINA COLOGNE SPRY UNGU 100', '', 18, 43325, 65506, 0, 0, 0, 16, 5, '2019-08-28 17:00:00', '2019-08-28 17:00:00'),
('8999908214706', 'MARINA HAND BODY AVOCADO 100M', '', 46, 39010, 42843, 0, 0, 0, 16, 5, '2019-08-28 17:00:00', '2019-08-28 17:00:00'),
('8999908214805', 'MARINA NATURAL HBL AVOCAD 200M', '', 10, 15446, 45490, 0, 0, 0, 16, 5, '2019-08-28 17:00:00', '2019-08-28 17:00:00'),
('8999908217400', 'HEMAVITON JRENG MANGGA 4GR', '', 47, 19035, 51641, 0, 0, 0, 16, 5, '2019-08-28 17:00:00', '2019-08-28 17:00:00'),
('8999908218803', 'HEMAVITON ENERGY DRINK 330ML', '', 50, 19138, 36212, 0, 0, 0, 16, 5, '2019-08-28 17:00:00', '2019-08-28 17:00:00'),
('8999908218902', 'HEMAVITON E DRINK COLA 330ML', '', 15, 42394, 43904, 0, 0, 0, 16, 5, '2019-08-28 17:00:00', '2019-08-28 17:00:00'),
('8999908243201', 'MY BABY SHAMPO REFIL 200ML', '', 25, 37014, 40012, 0, 0, 0, 16, 5, '2019-08-28 17:00:00', '2019-08-28 17:00:00'),
('8999908243300', 'MY BABY MILK SOAP 100 ML', '', 13, 33054, 47064, 0, 0, 0, 16, 5, '2019-08-28 17:00:00', '2019-08-28 17:00:00'),
('8999908243409', 'MY BABY MILK SOAP SF 100 ML', '', 46, 23008, 57235, 0, 0, 0, 16, 5, '2019-08-28 17:00:00', '2019-08-28 17:00:00'),
('8999908243508', 'MY BABY SKIN PROTECTIVE LOT100', '', 17, 34460, 39676, 0, 0, 0, 16, 5, '2019-08-28 17:00:00', '2019-08-28 17:00:00'),
('8999908243607', 'MY BABY VAPOR RUB 50', '', 49, 11095, 66130, 0, 0, 0, 16, 5, '2019-08-28 17:00:00', '2019-08-28 17:00:00'),
('8999908244000', 'VITON ISOTONIC DRINK GUAVA 330', '', 21, 10008, 26668, 0, 0, 0, 16, 5, '2019-08-28 17:00:00', '2019-08-28 17:00:00'),
('8999908244109', 'VITON ISOTONIC DRINK LEMON 330', '', 46, 33610, 55823, 0, 0, 0, 16, 5, '2019-08-28 17:00:00', '2019-08-28 17:00:00'),
('8999908244208', 'MARINA WHITE BODY WASH 100ML', '', 36, 14412, 17362, 0, 0, 0, 16, 5, '2019-08-28 17:00:00', '2019-08-28 17:00:00'),
('8999908244307', 'MARINA NTR HONEY BERRY BW 100', '', 49, 37976, 41690, 0, 0, 0, 16, 5, '2019-08-28 17:00:00', '2019-08-28 17:00:00'),
('8999908250803', 'BODREX FLU & BATUK BERDAHAK 60', '', 29, 30093, 65665, 0, 0, 0, 16, 5, '2019-08-28 17:00:00', '2019-08-28 17:00:00'),
('8999908251008', 'MARINA HBL TOTAL CARE 100', '', 16, 20028, 46462, 0, 0, 0, 16, 5, '2019-08-28 17:00:00', '2019-08-28 17:00:00'),
('8999908251107', 'MARINA HBL TOTAL CARE 200', '', 38, 42285, 54882, 0, 0, 0, 16, 5, '2019-08-28 17:00:00', '2019-08-28 17:00:00'),
('8999908251206', 'SOS WASH PENC PIRING LIME 800M', '', 24, 48521, 64311, 0, 0, 0, 16, 5, '2019-08-28 17:00:00', '2019-08-28 17:00:00'),
('8999908251305', 'SOS WASH PENC PIRING LMN 800ML', '', 23, 25897, 43032, 0, 0, 0, 16, 5, '2019-08-28 17:00:00', '2019-08-28 17:00:00'),
('8999908255808', 'TOTAL CARE LEMON ICE 100ML', '', 25, 24867, 39543, 0, 0, 0, 16, 5, '2019-08-28 17:00:00', '2019-08-28 17:00:00'),
('8999908255907', 'TOTAL CARE LEMON ICE 250ML', '', 22, 23709, 61165, 0, 0, 0, 16, 5, '2019-08-28 17:00:00', '2019-08-28 17:00:00'),
('8999908258700', 'VIDORAN EMILSION JERUK 200GR', '', 11, 47295, 63865, 0, 0, 0, 16, 5, '2019-08-28 17:00:00', '2019-08-28 17:00:00'),
('8999908260208', 'NEO HORMOVITON 150', '', 43, 34805, 38579, 0, 0, 0, 16, 5, '2019-08-28 17:00:00', '2019-08-28 17:00:00'),
('8999908260710', 'HEMAVITON C1000 5SCTX4GR', '', 16, 44739, 61734, 0, 0, 0, 16, 5, '2019-08-28 17:00:00', '2019-08-28 17:00:00'),
('8999908260802', 'HEMAVITON C1000 150ML', '', 12, 15992, 67927, 0, 0, 0, 16, 5, '2019-08-28 17:00:00', '2019-08-28 17:00:00'),
('8999908264107', 'SOS KARBOL EXTRA STRONG 800ML', '', 11, 46934, 50468, 0, 0, 0, 16, 5, '2019-08-28 17:00:00', '2019-08-28 17:00:00'),
('8999908264206', 'SOS KARBOL CLASSIC PINE 1800ML', '', 32, 19393, 69078, 0, 0, 0, 16, 5, '2019-08-28 17:00:00', '2019-08-28 17:00:00'),
('8999908264503', 'SOS KARBOL LEMON 800ML', '', 48, 11666, 44718, 0, 0, 0, 16, 5, '2019-08-28 17:00:00', '2019-08-28 17:00:00'),
('8999908264602', 'SOS KARBOL LEMON PINE 1800ML', '', 34, 16024, 64422, 0, 0, 0, 16, 5, '2019-08-28 17:00:00', '2019-08-28 17:00:00'),
('8999908265203', 'MY BABY HAIR LOTION FF 100 ML', '', 40, 24137, 24981, 0, 0, 0, 16, 5, '2019-08-28 17:00:00', '2019-08-28 17:00:00'),
('8999908266002', 'MARINA UV WHITE MULBERRY 500ML', '', 28, 27545, 35928, 0, 0, 0, 16, 5, '2019-08-28 17:00:00', '2019-08-28 17:00:00'),
('8999908266101', 'MARINA UV WHITE MILK 500ML', '', 32, 15917, 18575, 0, 0, 0, 16, 5, '2019-08-28 17:00:00', '2019-08-28 17:00:00'),
('8999908266804', 'CLAUDIA SHOWER LOT SILKY 200ML', '', 26, 39156, 65125, 0, 0, 0, 16, 5, '2019-08-28 17:00:00', '2019-08-28 17:00:00'),
('8999908266903', 'CLAUDIA SHOWER LOT SUNCARE 200', '', 21, 40201, 46400, 0, 0, 0, 16, 5, '2019-08-28 17:00:00', '2019-08-28 17:00:00'),
('8999908267009', 'CLAUDIA SHOWER LOT CREAMY 200M', '', 15, 45356, 56918, 0, 0, 0, 16, 5, '2019-08-28 17:00:00', '2019-08-28 17:00:00'),
('8999908267900', 'SOS WASH PENC PIRING LEMON 400', '', 22, 24410, 51890, 0, 0, 0, 16, 5, '2019-08-28 17:00:00', '2019-08-28 17:00:00'),
('8999908268006', 'SOS ABT CUCI PIRING LIME 400 M', '', 44, 28240, 29051, 0, 0, 0, 16, 5, '2019-08-28 17:00:00', '2019-08-28 17:00:00'),
('8999908270702', 'HEMAVITON JRENG ANGGUR 4GR', '', 32, 23512, 36793, 0, 0, 0, 16, 5, '2019-08-28 17:00:00', '2019-08-28 17:00:00'),
('8999908270801', 'HEMAVITON JRENG ANGGUR 6 SCT', '', 45, 21761, 43047, 0, 0, 0, 16, 5, '2019-08-28 17:00:00', '2019-08-28 17:00:00'),
('8999908271006', 'HEMAVITON JRENG LEMON 6 SCT', '', 42, 36329, 52059, 0, 0, 0, 16, 5, '2019-08-28 17:00:00', '2019-08-28 17:00:00'),
('8999908271204', 'HEMAVITON JRENG MANGGA 6 SCT', '', 47, 12640, 22295, 0, 0, 0, 16, 5, '2019-08-28 17:00:00', '2019-08-28 17:00:00'),
('8999908271907', 'MARINA COLOGNE SPRY BIRU 100', '', 44, 49361, 57327, 0, 0, 0, 16, 5, '2019-08-28 17:00:00', '2019-08-28 17:00:00'),
('8999908273000', 'MARINA NATURAL APPLE 350ML', '', 35, 20274, 35595, 0, 0, 0, 16, 5, '2019-08-28 17:00:00', '2019-08-28 17:00:00'),
('8999908273109', 'MARINA NATURAL GINSENG 350ML', '', 27, 37843, 47516, 0, 0, 0, 16, 5, '2019-08-28 17:00:00', '2019-08-28 17:00:00'),
('8999908273208', 'MARINA NATURAL SOFTENING 350ML', '', 12, 43612, 69752, 0, 0, 0, 16, 5, '2019-08-28 17:00:00', '2019-08-28 17:00:00'),
('8999908273307', 'MARINA NATURAL AVOCADO 350ML', '', 33, 47234, 49940, 0, 0, 0, 16, 5, '2019-08-28 17:00:00', '2019-08-28 17:00:00'),
('8999908284907', 'MY BABY MINYAK TELON PLUS 90', '', 11, 49708, 49793, 0, 0, 0, 16, 5, '2019-08-28 17:00:00', '2019-08-28 17:00:00'),
('8999908285003', 'BODREX EXTRA 25', '', 35, 37570, 48949, 0, 0, 0, 16, 5, '2019-08-28 17:00:00', '2019-09-03 02:03:52'),
('8999908285201', 'NOLANTA OBAT KEMBUNG', '', 44, 47083, 60381, 0, 0, 0, 16, 5, '2019-08-28 17:00:00', '2019-09-10 06:29:01'),
('8999908285904', 'HEMAVITON ENERGY ANGGUR 150ML', '', 27, 35742, 47564, 0, 0, 0, 16, 5, '2019-08-28 17:00:00', '2019-08-28 17:00:00'),
('8999908286109', 'HEMAFITON ENERGY RASA ANGGUR', '', 19, 30981, 68616, 0, 0, 0, 16, 5, '2019-08-28 17:00:00', '2019-10-20 07:07:32'),
('8999908286307', 'SOS HAND SOAP STRW 300 R', '', 38, 23047, 42501, 0, 0, 0, 16, 5, '2019-08-28 17:00:00', '2019-08-28 17:00:00'),
('8999908286406', 'SOS HAND SOAP MELON 300R', '', 44, 48377, 56212, 0, 0, 0, 16, 5, '2019-08-28 17:00:00', '2019-08-28 17:00:00'),
('8999908286505', 'SOS HAND SOAP STWB 300 ML', '', 31, 46519, 58752, 0, 0, 0, 16, 5, '2019-08-28 17:00:00', '2019-08-28 17:00:00'),
('8999908286604', 'SOS HANDSOAP MELON BTL 300 ML', '', 11, 16813, 35938, 0, 0, 0, 16, 5, '2019-08-28 17:00:00', '2019-08-28 17:00:00'),
('8999908296108', 'HEMAVITON SKIN NUTRIENT 5 KAP', '', 18, 23669, 25731, 0, 0, 0, 16, 5, '2019-08-28 17:00:00', '2019-08-28 17:00:00'),
('8999908300607', 'HEMAVITO COFFEE CREAM 330 ML', '', 20, 19613, 63807, 0, 0, 0, 16, 5, '2019-08-28 17:00:00', '2019-09-02 13:33:23'),
('8999908302502', 'TOTAL CARE 250 ML ACTIONS', '', 18, 40877, 52994, 0, 0, 0, 16, 5, '2019-08-28 17:00:00', '2019-08-28 17:00:00'),
('8999908318206', 'MY BABY POWDER FF 500 G', '', 46, 22815, 37889, 0, 0, 0, 16, 5, '2019-08-28 17:00:00', '2019-08-28 17:00:00'),
('8999909001909', 'DJI SAM SOE MAGNUM FILTER 12', '', 18, 46860, 49578, 0, 0, 0, 16, 5, '2019-08-28 17:00:00', '2019-08-28 17:00:00'),
('8999909002296', 'DJI SAM SOE MASTERPIECE 12', '', 46, 28668, 43674, 0, 0, 0, 16, 5, '2019-08-28 17:00:00', '2019-08-28 17:00:00'),
('8999909002647', 'DJI SAM SOE MASTERPIECE 12', '', 14, 31252, 40164, 0, 0, 0, 16, 5, '2019-08-28 17:00:00', '2019-08-28 17:00:00'),
('8999909002791', 'MARBOROL FILTER MILENIUM', '', 36, 39288, 40252, 0, 0, 0, 16, 5, '2019-08-28 17:00:00', '2019-08-28 17:00:00'),
('8999909003286', 'MARBOROLIGHT MILENIUM', '', 30, 10325, 51528, 0, 0, 0, 16, 5, '2019-08-28 17:00:00', '2019-08-28 17:00:00'),
('8999909003880', 'DJI SAM SOE GOLD 12', '', 15, 18037, 48927, 0, 0, 0, 16, 5, '2019-08-28 17:00:00', '2019-08-28 17:00:00'),
('8999909009325', 'SAMPOERNA EXCLUSIVE', '', 40, 26528, 50100, 0, 0, 0, 16, 5, '2019-08-28 17:00:00', '2019-08-28 17:00:00'),
('8999909010567', 'DJI SAM SOE 16', '', 32, 17426, 63976, 0, 0, 0, 16, 5, '2019-08-28 17:00:00', '2019-08-28 17:00:00'),
('8999909012097', 'DJI SAMSOE 10', '', 17, 33866, 46296, 0, 0, 0, 16, 5, '2019-08-28 17:00:00', '2019-08-28 17:00:00'),
('8999909028234', 'DJI SAM SOE 12', '', 11, 48636, 62709, 0, 0, 0, 16, 5, '2019-08-28 17:00:00', '2019-08-28 17:00:00'),
('8999909028999', 'DJI SAM SOE SUPER PERMIUM RFL', '', 44, 12327, 41891, 0, 0, 0, 16, 5, '2019-08-28 17:00:00', '2019-08-28 17:00:00'),
('8999909034570', 'DJI SAM SOE 16 TUBE', '', 36, 46163, 46466, 0, 0, 0, 16, 5, '2019-08-28 17:00:00', '2019-08-28 17:00:00'),
('8999909039124', 'PANAMAS 1 12', '', 12, 21668, 69679, 0, 0, 0, 16, 5, '2019-08-28 17:00:00', '2019-08-28 17:00:00'),
('8999909039988', 'SAMPOERNA HIJAU 12 KTK', '', 24, 18295, 21542, 0, 0, 0, 16, 5, '2019-08-28 17:00:00', '2019-08-28 17:00:00'),
('8999909055063', 'SAMPOERNA MENTHOL 12', '', 26, 36024, 40883, 0, 0, 0, 16, 5, '2019-08-28 17:00:00', '2019-08-28 17:00:00'),
('8999909076006', 'SAMPOERNA A MILD MENTHOL 16', '', 18, 30132, 40645, 0, 0, 0, 16, 5, '2019-08-28 17:00:00', '2019-08-28 17:00:00'),
('8999909085114', 'SAMPOERNA HIJAU 12 BKS', '', 17, 16808, 66576, 0, 0, 0, 16, 5, '2019-08-28 17:00:00', '2019-08-28 17:00:00'),
('8999909096004', 'SAMPOERNA MILD 16', '', 45, 33054, 50851, 0, 0, 0, 16, 5, '2019-08-28 17:00:00', '2019-08-28 17:00:00'),
('899990912097', 'DJI SAM SOE 10', '', 48, 14418, 49767, 0, 0, 0, 16, 5, '2019-08-28 17:00:00', '2019-08-28 17:00:00'),
('8999909424999', 'SAMPOERNA SLOP', '', 15, 38236, 53032, 0, 0, 0, 16, 5, '2019-08-28 17:00:00', '2019-08-28 17:00:00'),
('8999909706699', 'DJI SAM SOE FILTER 12', '', 17, 43234, 46202, 0, 0, 0, 16, 5, '2019-08-28 17:00:00', '2019-08-28 17:00:00'),
('8999909957565', 'DJI SAM SOE SUPER PERMIUM 12', '', 19, 39251, 55869, 0, 0, 0, 16, 5, '2019-08-28 17:00:00', '2019-08-28 17:00:00'),
('8999909982000', 'SAMPOERNA MILD 12', '', 32, 42667, 51703, 0, 0, 0, 16, 5, '2019-08-28 17:00:00', '2019-08-28 17:00:00'),
('8999918181081', 'AIM ROASTED CHICKEN CRACK 180', '', 36, 24894, 55521, 0, 0, 0, 16, 5, '2019-08-28 17:00:00', '2019-08-28 17:00:00'),
('8999918181180', 'AIM CORN CRACK 180G', '', 18, 29243, 41435, 0, 0, 0, 16, 5, '2019-08-28 17:00:00', '2019-08-28 17:00:00'),
('8999918181289', 'AIM CORN CRACK 80G', '', 20, 46434, 52031, 0, 0, 0, 16, 5, '2019-08-28 17:00:00', '2019-08-28 17:00:00'),
('8999918181388', 'AIM CHOCO CREAM M BEDA 120GR', '', 15, 23274, 60720, 0, 0, 0, 16, 5, '2019-08-28 17:00:00', '2019-08-28 17:00:00'),
('8999918181685', 'AIM CRYSPI CRACK 150G', '', 39, 27687, 67510, 0, 0, 0, 16, 5, '2019-08-28 17:00:00', '2019-08-28 17:00:00'),
('8999918181883', 'AIM BISK SQUARE PUFF 250G', '', 47, 36054, 59498, 0, 0, 0, 16, 5, '2019-08-28 17:00:00', '2019-08-28 17:00:00'),
('8999918182187', 'AIM TOASTY CHEESE 180G', '', 48, 16159, 21260, 0, 0, 0, 16, 5, '2019-08-28 17:00:00', '2019-08-28 17:00:00'),
('8999918182286', 'AIM BISC VEGETABLE 180GR', '', 16, 10395, 20664, 0, 0, 0, 16, 5, '2019-08-28 17:00:00', '2019-08-28 17:00:00'),
('8999918182682', 'AIM VANILLA CREAM BISK', '', 14, 19352, 31056, 0, 0, 0, 16, 5, '2019-08-28 17:00:00', '2019-08-28 17:00:00'),
('8999918182781', 'AIM LEMON CREAM M BEDA 120GR', '', 26, 49255, 51403, 0, 0, 0, 16, 5, '2019-08-28 17:00:00', '2019-08-28 17:00:00'),
('8999918182989', 'AIM CHEESE CRACK 80G', '', 38, 14853, 56614, 0, 0, 0, 16, 5, '2019-08-28 17:00:00', '2019-08-28 17:00:00'),
('8999918183085', 'AIM BUTTER COCONUT 120GR', '', 20, 21436, 55276, 0, 0, 0, 16, 5, '2019-08-28 17:00:00', '2019-08-28 17:00:00'),
('8999918282887', 'AIM BANANA CREAM M BEDA 120GR', '', 25, 20263, 24369, 0, 0, 0, 16, 5, '2019-08-28 17:00:00', '2019-08-28 17:00:00'),
('8999918383188', 'ANEKA BISK CREAM CRACKER 300G', '', 39, 20682, 66575, 0, 0, 0, 16, 5, '2019-08-28 17:00:00', '2019-08-28 17:00:00'),
('8999918383980', 'AIM PEANUT BUTTER 70G', '', 35, 45592, 66541, 0, 0, 0, 16, 5, '2019-08-28 17:00:00', '2019-08-28 17:00:00'),
('8999918411010', 'AIM GOOD MORNING WAFER 300GR', '', 34, 49457, 67992, 0, 0, 0, 16, 5, '2019-08-28 17:00:00', '2019-08-28 17:00:00'),
('8999918435016', 'AIM RASA DURIAN 350GR KLG', '', 23, 28923, 44168, 0, 0, 0, 16, 5, '2019-08-28 17:00:00', '2019-08-28 17:00:00'),
('8999918435023', 'AIM RASA COCONUT 350GR KLG', '', 19, 33965, 46383, 0, 0, 0, 16, 5, '2019-08-28 17:00:00', '2019-08-28 17:00:00'),
('8999918441208', 'AIM GOOD MORNING WAFER 100G', '', 19, 30311, 68533, 0, 0, 0, 16, 5, '2019-08-28 17:00:00', '2019-08-28 17:00:00'),
('8999918441284', 'AIM CREAM CRACKERS M BEDA 85GR', '', 23, 18662, 24489, 0, 0, 0, 16, 5, '2019-08-28 17:00:00', '2019-08-28 17:00:00'),
('8999918441345', 'MASTERBIS PEANUT CREAM', '', 11, 17276, 34119, 0, 0, 0, 16, 5, '2019-08-28 17:00:00', '2019-08-28 17:00:00'),
('8999918441376', 'AIM GOOD SQUARE PUFF 85GR', '', 35, 49364, 53507, 0, 0, 0, 16, 5, '2019-08-28 17:00:00', '2019-08-28 17:00:00'),
('8999918441383', 'AIM TOASTY CHEESE CRACK 30GR', '', 17, 49014, 65578, 0, 0, 0, 16, 5, '2019-08-28 17:00:00', '2019-08-28 17:00:00'),
('8999918441390', 'AIM BISC VEGETABLE 80GR', '', 21, 23653, 24322, 0, 0, 0, 16, 5, '2019-08-28 17:00:00', '2019-08-28 17:00:00'),
('8999918441406', 'AIM CRYSPI CRACK 45G', '', 42, 23954, 52603, 0, 0, 0, 16, 5, '2019-08-28 17:00:00', '2019-08-28 17:00:00'),
('8999918443509', 'ANEKA BISK SQUARE PUFF 300G', '', 11, 32092, 62809, 0, 0, 0, 16, 5, '2019-08-28 17:00:00', '2019-08-28 17:00:00'),
('8999918451016', 'AIM SEE HONG PUFF 230GR', '', 14, 39662, 42794, 0, 0, 0, 16, 5, '2019-08-28 17:00:00', '2019-08-28 17:00:00'),
('8999918451078', 'AIM ANEKA ASSORTED 180GR', '', 22, 27135, 66957, 0, 0, 0, 16, 5, '2019-08-28 17:00:00', '2019-08-28 17:00:00'),
('8999918451085', 'AIM ANEKA ASSORTED 1000GR', '', 10, 47291, 54545, 0, 0, 0, 16, 5, '2019-08-28 17:00:00', '2019-08-28 17:00:00'),
('8999918451207', 'BISCUIT TRIF-TI 3IN1 120GR', '', 38, 45943, 52788, 0, 0, 0, 16, 5, '2019-08-28 17:00:00', '2019-08-28 17:00:00'),
('8999918451214', 'AIM ANEKA ASSORTED 350GR KLG', '', 11, 32447, 54690, 0, 0, 0, 16, 5, '2019-08-28 17:00:00', '2019-08-28 17:00:00'),
('8999918451221', 'AIM ROASTED CORN 150GR', '', 19, 39978, 61273, 0, 0, 0, 16, 5, '2019-08-28 17:00:00', '2019-08-28 17:00:00'),
('8999918451245', 'TWIPIZ MARIE CRYSPY 120GR', '', 47, 27004, 57450, 0, 0, 0, 16, 5, '2019-08-28 17:00:00', '2019-08-28 17:00:00'),
('8999918451276', 'AIM LOVER COKLAT 550', '', 26, 31310, 32711, 0, 0, 0, 16, 5, '2019-08-28 17:00:00', '2019-08-28 17:00:00'),
('8999918451283', 'AIM LOVER STRW WAFER 550', '', 21, 23855, 53228, 0, 0, 0, 16, 5, '2019-08-28 17:00:00', '2019-08-28 17:00:00'),
('8999918451351', 'AIM BISKUIT KELAPA MUDA 250GR', '', 36, 2000, 3000, 0, 0, 0, 1, 5, '2019-08-28 17:00:00', '2019-10-10 11:38:26'),
('8999918451375', 'AIM ROSE CREAM 180', '', 19, 28398, 33156, 0, 0, 0, 16, 5, '2019-08-28 17:00:00', '2019-08-28 17:00:00'),
('8999918451382', 'AIM CHOCO CREAM 180', '', 48, 14497, 63829, 0, 0, 0, 16, 5, '2019-08-28 17:00:00', '2019-08-28 17:00:00'),
('8999918451412', 'AIM LOVER COKLAT 80', '', 23, 22749, 63181, 0, 0, 0, 16, 5, '2019-08-28 17:00:00', '2019-08-28 17:00:00'),
('8999918451429', 'AIM LOVER STR 80', '', 15, 40151, 43695, 0, 0, 0, 16, 5, '2019-08-28 17:00:00', '2019-08-28 17:00:00'),
('8999918585193', 'AIM MILK COOKIES 250', '', 46, 21233, 48713, 0, 0, 0, 16, 5, '2019-08-28 17:00:00', '2019-08-28 17:00:00'),
('8999918585223', 'AIM COCOA PUFF 200', '', 34, 46662, 69000, 0, 0, 0, 16, 5, '2019-08-28 17:00:00', '2019-08-28 17:00:00'),
('8999926252254', 'WYBERT PASTILES', '', 26, 15086, 64922, 0, 0, 0, 16, 5, '2019-08-28 17:00:00', '2019-08-28 17:00:00'),
('8999926256757', 'WYBERT PLUS CENGKEH 17 G', '', 19, 42835, 51809, 0, 0, 0, 16, 5, '2019-08-28 17:00:00', '2019-08-28 17:00:00'),
('8999926264752', 'WYBERT PLUS ANISEED 17G', '', 35, 46801, 56164, 0, 0, 0, 16, 5, '2019-08-28 17:00:00', '2019-08-28 17:00:00'),
('8999926382753', 'WYBERT PLUS EUCALYPTUS 17G', '', 24, 30360, 69375, 0, 0, 0, 16, 5, '2019-08-28 17:00:00', '2019-08-28 17:00:00'),
('8999926446752', 'WYBERT PLUS JAHE 17 G', '', 29, 27815, 35601, 0, 0, 0, 16, 5, '2019-08-28 17:00:00', '2019-08-28 17:00:00'),
('8999926674759', 'WYBERT PLUS ORIGINAL 17G', '', 11, 29936, 49337, 0, 0, 0, 16, 5, '2019-08-28 17:00:00', '2019-08-28 17:00:00'),
('8999979000017', 'LION STAR ROUND BASIN 10 BA-1', '', 37, 48303, 63028, 0, 0, 0, 16, 5, '2019-08-28 17:00:00', '2019-08-28 17:00:00'),
('8999979000611', 'BANGKU DAPUR LION STAR G-3 SGR', '', 37, 39619, 57365, 0, 0, 0, 16, 5, '2019-08-28 17:00:00', '2019-08-28 17:00:00'),
('8999979000956', 'LION STAR NS-1 SNOWMAN BTL 430', '', 50, 33938, 50838, 0, 0, 0, 16, 5, '2019-08-28 17:00:00', '2019-08-28 17:00:00'),
('8999979002547', 'LION STAR SUN COOLER 2,7 SC-1', '', 48, 40981, 44243, 0, 0, 0, 16, 5, '2019-08-28 17:00:00', '2019-08-28 17:00:00'),
('8999979004268', 'LION STAR LAUNDRY CLIPS JB-1', '', 47, 13048, 34866, 0, 0, 0, 16, 5, '2019-08-28 17:00:00', '2019-08-28 17:00:00'),
('8999979004282', 'LION STAR HANGER 20 STK', '', 19, 10330, 39888, 0, 0, 0, 16, 5, '2019-08-28 17:00:00', '2019-08-28 17:00:00'),
('8999979004411', 'LION STAR CUP W/STRAW GL-12', '', 31, 48188, 54179, 0, 0, 0, 16, 5, '2019-08-28 17:00:00', '2019-08-28 17:00:00'),
('8999979005470', 'LION STAR KITCHEN SCA 5K KS-3', '', 41, 40931, 41363, 0, 0, 0, 16, 5, '2019-08-28 17:00:00', '2019-08-28 17:00:00'),
('8999979009898', 'LION STAR FOOD CARR 15K 4S R10', '', 13, 18244, 48574, 0, 0, 0, 16, 5, '2019-08-28 17:00:00', '2019-08-28 17:00:00'),
('8999979011044', 'LION STAR PLATE DELUXE TS-7', '', 16, 20683, 62197, 0, 0, 0, 16, 5, '2019-08-28 17:00:00', '2019-08-28 17:00:00'),
('8999979011778', 'LION STAR CREAM POT PT-14', '', 38, 17304, 50080, 0, 0, 0, 16, 5, '2019-08-28 17:00:00', '2019-08-28 17:00:00'),
('8999979016247', 'LION STAR FRESH SEALWARE SW-30', '', 20, 14234, 64202, 0, 0, 0, 16, 5, '2019-08-28 17:00:00', '2019-08-28 17:00:00'),
('8999979016308', 'LION STAR N-16 JOLLY BTL 500ML', '', 42, 38706, 50487, 0, 0, 0, 16, 5, '2019-08-28 17:00:00', '2019-08-28 17:00:00'),
('8999979016322', 'LION STAR JOVI MUG 231 GL-38', '', 16, 31457, 69540, 0, 0, 0, 16, 5, '2019-08-28 17:00:00', '2019-08-28 17:00:00'),
('8999979016445', 'LION STAR JOVI MUG 331 GL-39', '', 22, 37180, 60112, 0, 0, 0, 16, 5, '2019-08-28 17:00:00', '2019-08-28 17:00:00'),
('8999979017824', 'LION STAR N-75 POP BTL 500ML', '', 32, 33154, 49961, 0, 0, 0, 16, 5, '2019-08-28 17:00:00', '2019-08-28 17:00:00'),
('8999979018227', 'EXELLENT SPRAY ANT NYAMUK', '', 31, 18752, 37807, 0, 0, 0, 16, 5, '2019-08-28 17:00:00', '2019-08-28 17:00:00'),
('8999979018531', 'LION STAR STRAW CUP S GL-33', '', 42, 38845, 55857, 0, 0, 0, 16, 5, '2019-08-28 17:00:00', '2019-08-28 17:00:00'),
('8999979019071', 'LION STAR N-67 KENY BTL 550ML', '', 16, 47561, 68590, 0, 0, 0, 16, 5, '2019-08-28 17:00:00', '2019-08-28 17:00:00');
INSERT INTO `product` (`id_product`, `name_product`, `description`, `stock`, `price`, `price_sale`, `price_sale_3`, `price_sale_5`, `price_sale_10`, `category_id`, `unit_id`, `create_at`, `update_at`) VALUES
('8999979020961', 'LION STAR GL-65 SOLO MUG 250ML', '', 18, 39539, 43072, 0, 0, 0, 16, 5, '2019-08-28 17:00:00', '2019-08-28 17:00:00'),
('8999979022491', 'LION STAR LIVINA BROOM BM-333', '', 50, 24373, 29996, 0, 0, 0, 16, 5, '2019-08-28 17:00:00', '2019-08-28 17:00:00'),
('8999979023344', 'LION STAR NN-12 POCCA BTL 500M', '', 48, 44283, 66966, 0, 0, 0, 16, 5, '2019-08-28 17:00:00', '2019-08-28 17:00:00'),
('8999979023450', 'LION STAR TISSUE DISP S TR-7', '', 14, 49117, 65728, 0, 0, 0, 16, 5, '2019-08-28 17:00:00', '2019-08-28 17:00:00'),
('8999979023504', 'LION STAR CLEAN PAL 1,2L C-36', '', 44, 14838, 56770, 0, 0, 0, 16, 5, '2019-08-28 17:00:00', '2019-08-28 17:00:00'),
('8999979024020', 'LION STAR WALL POT HGR S GB-16', '', 41, 49261, 62509, 0, 0, 0, 16, 5, '2019-08-28 17:00:00', '2019-08-28 17:00:00'),
('8999979024280', 'LION STAR NN-15 MASKY BTL 500M', '', 22, 28690, 56800, 0, 0, 0, 16, 5, '2019-08-28 17:00:00', '2019-08-28 17:00:00'),
('8999988001029', 'HI O2 320 ML', '', 34, 44393, 58386, 0, 0, 0, 16, 5, '2019-08-28 17:00:00', '2019-08-28 17:00:00'),
('8999988001036', 'HI O2 320ML', '', 50, 33670, 68157, 0, 0, 0, 16, 5, '2019-08-28 17:00:00', '2019-08-28 17:00:00'),
('8999988168203', 'BAPALA BALS PALA MERAH 36G', '', 24, 43768, 66102, 0, 0, 0, 16, 5, '2019-08-28 17:00:00', '2019-08-28 17:00:00'),
('8999988168210', 'BAPALA BALS PALA MERAH 20G', '', 40, 14284, 62244, 0, 0, 0, 16, 5, '2019-08-28 17:00:00', '2019-08-28 17:00:00'),
('8999988168807', 'BAPALA BALS PALA UNGU/PTH 36G', '', 11, 18295, 22039, 0, 0, 0, 16, 5, '2019-08-28 17:00:00', '2019-08-28 17:00:00'),
('8999988168814', 'BAPALA BALS PALA UNGU/PTH 20G', '', 36, 20857, 34491, 0, 0, 0, 16, 5, '2019-08-28 17:00:00', '2019-08-28 17:00:00'),
('8999988168869', 'BAPALA BALS PALA KUNING 36G', '', 33, 35332, 65563, 0, 0, 0, 16, 5, '2019-08-28 17:00:00', '2019-08-28 17:00:00'),
('8999988168876', 'BAPALA BALS PALA KUNING 20G', '', 38, 49162, 49412, 0, 0, 0, 16, 5, '2019-08-28 17:00:00', '2019-08-28 17:00:00'),
('8999988188188', 'KAKI 3 BALSEM HIJAU 36GR', '', 20, 28289, 44302, 0, 0, 0, 16, 5, '2019-08-28 17:00:00', '2019-08-28 17:00:00'),
('8999988188881', 'KAKI TIGA BALS HIJAU 20GR', '', 34, 32365, 50480, 0, 0, 0, 16, 5, '2019-08-28 17:00:00', '2019-08-28 17:00:00'),
('8999988188898', 'KAKI TIGA BALS HIJAU 10G', '', 22, 11977, 22042, 0, 0, 0, 16, 5, '2019-08-28 17:00:00', '2019-08-28 17:00:00'),
('8999988269160', 'ENAO FOOD SUPPLEMENT 6SCT 4G', '', 22, 12384, 39720, 0, 0, 0, 16, 5, '2019-08-28 17:00:00', '2019-08-28 17:00:00'),
('8999988269177', 'ENAO FOOD SUPPLEMENT 4GR SCT', '', 45, 46414, 67516, 0, 0, 0, 16, 5, '2019-08-28 17:00:00', '2019-08-28 17:00:00'),
('8999988269283', 'ENA O ENERGY DRINK 150M', '', 30, 49546, 52830, 0, 0, 0, 16, 5, '2019-08-28 17:00:00', '2019-08-28 17:00:00'),
('8999988269290', 'ENAE O ENERGY DRINK 150 ML', '', 32, 28576, 42812, 0, 0, 0, 16, 5, '2019-08-28 17:00:00', '2019-08-28 17:00:00'),
('8999988269689', 'ENA O ENERGY DRINK 238 ML', '', 11, 39029, 61250, 0, 0, 0, 16, 5, '2019-08-28 17:00:00', '2019-08-28 17:00:00'),
('8999988288284', 'KAKI TIGA BALS KUNING 10G', '', 12, 24552, 46018, 0, 0, 0, 16, 5, '2019-08-28 17:00:00', '2019-08-28 17:00:00'),
('8999988288888', 'KAKI TIGA BALS KUNING 36GR', '', 12, 44954, 56199, 0, 0, 0, 16, 5, '2019-08-28 17:00:00', '2019-08-28 17:00:00'),
('8999988288895', 'KAKI TIKA BALS KUNING KC 20GR', '', 11, 46497, 52192, 0, 0, 0, 16, 5, '2019-08-28 17:00:00', '2019-08-28 17:00:00'),
('8999988289670', 'ENERBEE PLUS ENERGI DRINK 250M', '', 13, 35800, 52799, 0, 0, 0, 16, 5, '2019-08-28 17:00:00', '2019-08-28 17:00:00'),
('8999988298986', 'HEADACHE POWD KAKI TIGA 12SCT', '', 10, 21162, 37755, 0, 0, 0, 16, 5, '2019-08-28 17:00:00', '2019-08-28 17:00:00'),
('8999988318707', 'LANG-LANG SARI STRAWB 8X7G', '', 32, 31443, 60037, 0, 0, 0, 16, 5, '2019-08-28 17:00:00', '2019-08-28 17:00:00'),
('8999988330228', 'DELIPO SANZHA PLUM 200ML', '', 39, 13384, 41130, 0, 0, 0, 16, 5, '2019-08-28 17:00:00', '2019-08-28 17:00:00'),
('8999988388182', 'KAKI TIGA SALEP KULIT', '', 37, 49222, 62073, 0, 0, 0, 16, 5, '2019-08-28 17:00:00', '2019-08-28 17:00:00'),
('8999988388687', 'KAKI TIGA OBAT KURAP', '', 11, 37893, 65039, 0, 0, 0, 16, 5, '2019-08-28 17:00:00', '2019-08-28 17:00:00'),
('8999988688688', 'KAKI TIGA BALS PUTIH 36G', '', 23, 46923, 60698, 0, 0, 0, 16, 5, '2019-08-28 17:00:00', '2019-08-28 17:00:00'),
('8999988778570', 'LASEGAR PLUS RASA JERUK 7GR', '', 39, 45959, 69324, 0, 0, 0, 16, 5, '2019-08-28 17:00:00', '2019-08-28 17:00:00'),
('8999988778594', 'LASEGAR 24X24HGR', '', 11, 12678, 64101, 0, 0, 0, 16, 5, '2019-08-28 17:00:00', '2019-08-28 17:00:00'),
('8999988778679', 'LASEGAR PLUS JRK NIPIS 7GR', '', 14, 24167, 66002, 0, 0, 0, 16, 5, '2019-08-28 17:00:00', '2019-08-28 17:00:00'),
('8999988778686', 'LASEGAR PLUS JERUK NIPIS 7GR', '', 22, 47809, 52090, 0, 0, 0, 16, 5, '2019-08-28 17:00:00', '2019-08-28 17:00:00'),
('8999988778808', 'LASEGAR APEL 330 ML', '', 16, 13161, 39361, 0, 0, 0, 16, 5, '2019-08-28 17:00:00', '2019-08-28 17:00:00'),
('8999988778815', 'LASEGAR JERUK 330 ML', '', 15, 29551, 43299, 0, 0, 0, 16, 5, '2019-08-28 17:00:00', '2019-08-28 17:00:00'),
('8999988778822', 'LASEGAR STRAWBERI 330 ML', '', 49, 11613, 30752, 0, 0, 0, 16, 5, '2019-08-28 17:00:00', '2019-08-28 17:00:00'),
('8999988778839', 'LASEGAR MELON 330 ML', '', 37, 22262, 49187, 0, 0, 0, 16, 5, '2019-08-28 17:00:00', '2019-08-28 17:00:00'),
('8999988778846', 'LASEGAR JAMBU 330 ML', '', 30, 27862, 44262, 0, 0, 0, 16, 5, '2019-08-28 17:00:00', '2019-08-28 17:00:00'),
('8999988778853', 'LASEGAR ANGGUR 330 ML', '', 24, 15466, 19221, 0, 0, 0, 16, 5, '2019-08-28 17:00:00', '2019-08-28 17:00:00'),
('8999988778860', 'LASEGAR LECI 330 ML', '', 29, 28134, 55083, 0, 0, 0, 16, 5, '2019-08-28 17:00:00', '2019-09-22 09:43:16'),
('8999988778884', 'LASEGAR JERUK NIPIS 330 ML', '', 36, 36053, 53359, 0, 0, 0, 16, 5, '2019-08-28 17:00:00', '2019-08-28 17:00:00'),
('8999988778976', 'LASEGAR 500 ML', '', 46, 38160, 64446, 0, 0, 0, 16, 5, '2019-08-28 17:00:00', '2019-08-28 17:00:00'),
('8999988778983', 'LASEGAR 200 ML', '', 27, 31168, 56240, 0, 0, 0, 16, 5, '2019-08-28 17:00:00', '2019-08-28 17:00:00'),
('8999988888804', 'KAKI TIGA APEL 320 ML', '', 14, 26285, 31905, 0, 0, 0, 16, 5, '2019-08-28 17:00:00', '2019-08-28 17:00:00'),
('8999988888811', 'KAKI TIGA JERUK 320 ML', '', 41, 13917, 60845, 0, 0, 0, 16, 5, '2019-08-28 17:00:00', '2019-08-28 17:00:00'),
('8999988888828', 'KAKI TIGA STARWB 320 ML', '', 30, 17024, 26228, 0, 0, 0, 16, 5, '2019-08-28 17:00:00', '2019-08-28 17:00:00'),
('8999988888835', 'KAKI TIGA MELON 320 ML', '', 30, 35401, 58083, 0, 0, 0, 16, 5, '2019-08-28 17:00:00', '2019-08-28 17:00:00'),
('8999988888842', 'KAKI TIGA JAMBU 320 ML', '', 26, 28992, 48814, 0, 0, 0, 16, 5, '2019-08-28 17:00:00', '2019-08-28 17:00:00'),
('8999988888859', 'KAKI TIGA ANGGUR 320 ML', '', 22, 14515, 69437, 0, 0, 0, 16, 5, '2019-08-28 17:00:00', '2019-08-28 17:00:00'),
('8999988888866', 'KAKI TIGA LECI 320 ML', '', 13, 28442, 42860, 0, 0, 0, 16, 5, '2019-08-28 17:00:00', '2019-08-28 17:00:00'),
('8999988888972', 'KAKI TIGA 500 ML', '', 28, 23389, 59938, 0, 0, 0, 16, 5, '2019-08-28 17:00:00', '2019-08-28 17:00:00'),
('8999988888989', 'KAKI TIGA 200 ML', '', 29, 27494, 46302, 0, 0, 0, 16, 5, '2019-08-28 17:00:00', '2019-08-28 17:00:00'),
('899999715007', 'VASELINE INTEN CR FARMING 100M', '', 21, 44222, 53232, 0, 0, 0, 16, 5, '2019-08-28 17:00:00', '2019-08-28 17:00:00'),
('8999999000059', 'TARO SNACK POTATO BARBEQUE', '', 41, 14556, 34395, 0, 0, 0, 16, 5, '2019-08-28 17:00:00', '2019-08-28 17:00:00'),
('8999999000639', 'CLEAR HAIR STYLING CREAM 250', '', 13, 16765, 33488, 0, 0, 0, 16, 5, '2019-08-28 17:00:00', '2019-08-28 17:00:00'),
('8999999000721', 'SUNLIGHT ACTIVE GEL ORG 200ML', '', 43, 38246, 65114, 0, 0, 0, 16, 5, '2019-08-28 17:00:00', '2019-08-28 17:00:00'),
('8999999000769', 'SARI MURNI ISI 5', '', 20, 17526, 53588, 0, 0, 0, 16, 5, '2019-08-28 17:00:00', '2019-08-28 17:00:00'),
('8999999001032', 'LIF HWL ACTIVFRESH 180 ML', '', 43, 11549, 50685, 0, 0, 0, 16, 5, '2019-08-28 17:00:00', '2019-08-28 17:00:00'),
('8999999001049', 'LIF HWL TOTALPROTECT 180 ML', '', 40, 11422, 62066, 0, 0, 0, 16, 5, '2019-08-28 17:00:00', '2019-08-28 17:00:00'),
('8999999001056', 'LIF HWL BLUE 180 ML', '', 31, 17051, 42531, 0, 0, 0, 16, 5, '2019-08-28 17:00:00', '2019-08-28 17:00:00'),
('8999999001070', 'LIF HWL RED PUMP 200 ML', '', 13, 43215, 58898, 0, 0, 0, 16, 5, '2019-08-28 17:00:00', '2019-08-28 17:00:00'),
('8999999001087', 'LIF HWL WHITE 200 ML', '', 19, 36571, 55502, 0, 0, 0, 16, 5, '2019-08-28 17:00:00', '2019-08-28 17:00:00'),
('8999999001100', 'LIFEBOYNATUREPURE 250ML', '', 35, 24217, 46832, 0, 0, 0, 16, 5, '2019-08-28 17:00:00', '2019-08-28 17:00:00'),
('8999999001124', 'LIFEBUOY BW MILDCARE 250 ML', '', 34, 42868, 55423, 0, 0, 0, 16, 5, '2019-08-28 17:00:00', '2019-08-28 17:00:00'),
('8999999001131', 'LIF BW BIRU 300 BTL', '', 34, 33944, 45809, 0, 0, 0, 16, 5, '2019-08-28 17:00:00', '2019-08-28 17:00:00'),
('8999999001148', 'LIF BW GREEN 300 BTL', '', 49, 24224, 63424, 0, 0, 0, 16, 5, '2019-08-28 17:00:00', '2019-08-28 17:00:00'),
('8999999001155', 'LIF BW RED 300 BTL', '', 34, 41541, 43746, 0, 0, 0, 16, 5, '2019-08-28 17:00:00', '2019-08-28 17:00:00'),
('8999999001162', 'LIF BW BIRU 300 BTL', '', 17, 37074, 39457, 0, 0, 0, 16, 5, '2019-08-28 17:00:00', '2019-08-28 17:00:00'),
('8999999001179', 'LIFEBOUY BW ACTIVFRESH 450 ML', '', 41, 12860, 66921, 0, 0, 0, 16, 5, '2019-08-28 17:00:00', '2019-08-28 17:00:00'),
('8999999001186', 'LIFEBOY NATUREPURE BW 450ML', '', 41, 32997, 40708, 0, 0, 0, 16, 5, '2019-08-28 17:00:00', '2019-08-28 17:00:00'),
('8999999001209', 'LIFEBOUY BW MILDCARE 450 ML', '', 34, 33010, 36252, 0, 0, 0, 16, 5, '2019-08-28 17:00:00', '2019-08-28 17:00:00'),
('8999999001216', 'LIF BW BIRU 100BTL', '', 38, 21353, 25349, 0, 0, 0, 16, 5, '2019-08-28 17:00:00', '2019-08-28 17:00:00'),
('8999999001223', 'LIF BW GREEN 100 BTL', '', 40, 21900, 60924, 0, 0, 0, 16, 5, '2019-08-28 17:00:00', '2019-08-28 17:00:00'),
('8999999001230', 'LIF BW RED 100 BTL', '', 23, 33926, 36782, 0, 0, 0, 16, 5, '2019-08-28 17:00:00', '2019-08-28 17:00:00'),
('8999999001247', 'LIF BW BIRU 100 BTL', '', 43, 29446, 50663, 0, 0, 0, 16, 5, '2019-08-28 17:00:00', '2019-08-28 17:00:00'),
('8999999005498', 'LIFEBOUY SHP STRONG&SHINY 90 M', '', 49, 19639, 30274, 0, 0, 0, 16, 5, '2019-08-28 17:00:00', '2019-08-28 17:00:00'),
('8999999054038', 'WALLS MOO ACTIVE 6', '', 15, 28449, 50282, 0, 0, 0, 16, 5, '2019-08-28 17:00:00', '2019-08-28 17:00:00'),
('8999999091347', 'KNORR BUMBU KUAH BAKSO 8GR', '', 15, 10000, 12000, 0, 0, 0, 16, 5, '2019-08-28 17:00:00', '2019-09-11 17:29:31'),
('8999999100353', 'KECAP BANGGO MANIS 100ML', '', 45, 19753, 24221, 0, 0, 0, 16, 5, '2019-08-28 17:00:00', '2019-08-28 17:00:00'),
('8999999100506', 'KECAP BANGO 600ML REFIL', '', 26, 22779, 46935, 0, 0, 0, 16, 5, '2019-08-28 17:00:00', '2019-08-28 17:00:00'),
('8999999101183', 'KECAP BANGO MANIS REFIL 110 ML', '', 42, 44794, 56056, 0, 0, 0, 16, 5, '2019-08-28 17:00:00', '2019-08-28 17:00:00'),
('8999999101190', 'KECAP BANGO MANIS REFIL 225 ML', '', 13, 10185, 49636, 0, 0, 0, 16, 5, '2019-08-28 17:00:00', '2019-08-28 17:00:00'),
('8999999191214', 'TARO NET CHICKENZILLA 16', '', 12, 45376, 46371, 0, 0, 0, 16, 5, '2019-08-28 17:00:00', '2019-08-28 17:00:00'),
('8999999191337', 'TARO NET CHICKEN 16GR', '', 21, 35218, 42689, 0, 0, 0, 16, 5, '2019-08-28 17:00:00', '2019-08-28 17:00:00'),
('8999999191368', 'TARO NET CHICKEN 70GR', '', 37, 24967, 50323, 0, 0, 0, 16, 5, '2019-08-28 17:00:00', '2019-08-28 17:00:00'),
('8999999191412', 'ROYCO SUP KRIM JAMUR 55GR', '', 24, 30564, 54575, 0, 0, 0, 16, 5, '2019-08-28 17:00:00', '2019-08-28 17:00:00'),
('8999999191429', 'ROYCO SUP KRIM ASPARAGUS 56GR', '', 31, 42610, 54847, 0, 0, 0, 16, 5, '2019-08-28 17:00:00', '2019-09-02 17:07:08'),
('8999999191436', 'ROYCO SUP KRIM AYAM 58GR', '', 48, 36351, 41433, 0, 0, 0, 16, 5, '2019-08-28 17:00:00', '2019-08-28 17:00:00'),
('8999999191443', 'ROYCO SUP KRIM JAGUNG 50GR', '', 14, 21359, 43970, 0, 0, 0, 16, 5, '2019-08-28 17:00:00', '2019-08-28 17:00:00'),
('8999999191467', 'TARO TWIN PACK CHICKEN 140GR', '', 34, 48270, 50424, 0, 0, 0, 16, 5, '2019-08-28 17:00:00', '2019-08-28 17:00:00'),
('8999999191504', 'TARO SEAWEED 16 G', '', 40, 25740, 42843, 0, 0, 0, 16, 5, '2019-08-28 17:00:00', '2019-08-28 17:00:00'),
('8999999191511', 'TARO STICK CHEESY CORN 20GR', '', 20, 44677, 63440, 0, 0, 0, 16, 5, '2019-08-28 17:00:00', '2019-08-28 17:00:00'),
('8999999191726', 'TARO STICK ROASTED CORN 20GR', '', 17, 35264, 44280, 0, 0, 0, 16, 5, '2019-08-28 17:00:00', '2019-08-28 17:00:00'),
('8999999191801', 'TARO NET SEAWEED 70GR', '', 19, 43959, 53605, 0, 0, 0, 16, 5, '2019-08-28 17:00:00', '2019-08-28 17:00:00'),
('8999999191818', 'TARO TWIN PACK SEAWEED 140GR', '', 42, 25766, 26519, 0, 0, 0, 16, 5, '2019-08-28 17:00:00', '2019-08-28 17:00:00'),
('8999999191825', 'TARO POTATO BBQ 16GR', '', 48, 24594, 46473, 0, 0, 0, 16, 5, '2019-08-28 17:00:00', '2019-08-28 17:00:00'),
('8999999191832', 'TARO NET POTATO BARBEQUE 70GR', '', 20, 21731, 65610, 0, 0, 0, 16, 5, '2019-08-28 17:00:00', '2019-08-28 17:00:00'),
('8999999191849', 'TARO TWIN PACK POTATO 140GR', '', 32, 39011, 63501, 0, 0, 0, 16, 5, '2019-08-28 17:00:00', '2019-08-28 17:00:00'),
('8999999191979', 'ROYCO BUMBU PELEZAT R ASAM 10G', '', 16, 45866, 48572, 0, 0, 0, 16, 5, '2019-08-28 17:00:00', '2019-08-28 17:00:00'),
('8999999191993', 'ROYCO BUMBU RASA ASAM 100GR', '', 18, 40883, 43261, 0, 0, 0, 16, 5, '2019-08-28 17:00:00', '2019-08-28 17:00:00'),
('8999999192006', 'ROYCO B PELEZAT R TERASI 10G', '', 22, 37669, 63062, 0, 0, 0, 16, 5, '2019-08-28 17:00:00', '2019-08-28 17:00:00'),
('8999999192020', 'ROYCO BUMBU RASA TERASI 100 G', '', 11, 10276, 17060, 0, 0, 0, 16, 5, '2019-08-28 17:00:00', '2019-08-28 17:00:00'),
('8999999192150', 'ROYCO BUMBU RASA AYAM 100GR', '', 30, 34801, 42891, 0, 0, 0, 16, 5, '2019-08-28 17:00:00', '2019-08-28 17:00:00'),
('8999999192181', 'ROYCO PELEZAT CAIR 110ML', '', 40, 14844, 54035, 0, 0, 0, 16, 5, '2019-08-28 17:00:00', '2019-08-28 17:00:00'),
('8999999192198', 'ROYCO SERBAGUNA R.SAPI 100GR', '', 37, 37642, 52636, 0, 0, 0, 16, 5, '2019-08-28 17:00:00', '2019-08-28 17:00:00'),
('8999999192754', 'ROYCO BUMBU PELEZAT 200 ML', '', 37, 45000, 50000, 0, 0, 0, 16, 5, '2019-08-28 17:00:00', '2019-10-20 07:01:24'),
('8999999192853', 'ROYCO RASA AYAM EXTRA 20 %', '', 26, 44950, 56534, 0, 0, 0, 16, 5, '2019-08-28 17:00:00', '2019-08-28 17:00:00'),
('8999999192860', 'ROYCO RASA SAPI EXTRA 20 %', '', 28, 47537, 59399, 0, 0, 0, 16, 5, '2019-08-28 17:00:00', '2019-08-28 17:00:00'),
('8999999192921', 'ROYCO TP BUMBU TEMPURA 70GR', '', 39, 32345, 41064, 0, 0, 0, 16, 5, '2019-08-28 17:00:00', '2019-08-28 17:00:00'),
('8999999192938', 'ROYCO TEPUNG BUMBU 80GR', '', 43, 49215, 59488, 0, 0, 0, 16, 5, '2019-08-28 17:00:00', '2019-08-28 17:00:00'),
('8999999192945', 'ROYCO TEPUNG BUMBU EX PDS 80GR', '', 47, 24355, 40827, 0, 0, 0, 16, 5, '2019-08-28 17:00:00', '2019-08-28 17:00:00'),
('8999999193164', 'TARO STICK CHEESY CORN 60', '', 45, 18419, 51402, 0, 0, 0, 16, 5, '2019-08-28 17:00:00', '2019-08-28 17:00:00'),
('8999999193171', 'TARO STICK ROASTED CORN 60 G', '', 25, 44418, 46740, 0, 0, 0, 16, 5, '2019-08-28 17:00:00', '2019-08-28 17:00:00'),
('8999999193188', 'TARO STIK PAPRIKA 18 G', '', 43, 28530, 49524, 0, 0, 0, 16, 5, '2019-08-28 17:00:00', '2019-08-28 17:00:00'),
('8999999193195', 'TARO CHEESY 18', '', 43, 48228, 66870, 0, 0, 0, 16, 5, '2019-08-28 17:00:00', '2019-08-28 17:00:00'),
('8999999193201', 'TARO STICK ROASTED CORN 18', '', 30, 47535, 60565, 0, 0, 0, 16, 5, '2019-08-28 17:00:00', '2019-08-28 17:00:00'),
('8999999193256', 'ROYCO FDS RASA AYAM 6X8G', '', 19, 11676, 47032, 0, 0, 0, 16, 5, '2019-08-28 17:00:00', '2019-08-28 17:00:00'),
('8999999193263', 'ROYCO FDS RASA SAPI 6X8G', '', 36, 44427, 51205, 0, 0, 0, 16, 5, '2019-08-28 17:00:00', '2019-08-28 17:00:00'),
('8999999193294', 'ROYCO SERBAGUNA RASA AYAM 50GR', '', 10, 41446, 47046, 0, 0, 0, 16, 5, '2019-08-28 17:00:00', '2019-08-28 17:00:00'),
('8999999193300', 'ROYCO SAPI 50', '', 37, 41845, 50572, 0, 0, 0, 16, 5, '2019-08-28 17:00:00', '2019-08-28 17:00:00'),
('8999999193317', 'ROYCO SERBAGUNA 200 AYAM', '', 22, 39706, 67033, 0, 0, 0, 16, 5, '2019-08-28 17:00:00', '2019-08-28 17:00:00'),
('8999999193324', 'ROYCO SERBAGUNA 200 SAPI', '', 16, 14075, 27189, 0, 0, 0, 16, 5, '2019-08-28 17:00:00', '2019-08-28 17:00:00'),
('8999999193331', 'TARO SEAWEED 60', '', 37, 19831, 30008, 0, 0, 0, 16, 5, '2019-08-28 17:00:00', '2019-08-28 17:00:00'),
('8999999193348', 'TARO POTATO 60', '', 10, 46317, 69324, 0, 0, 0, 16, 5, '2019-08-28 17:00:00', '2019-08-28 17:00:00'),
('8999999193409', 'TARO CHILIKONG 16', '', 34, 36534, 64380, 0, 0, 0, 16, 5, '2019-08-28 17:00:00', '2019-08-28 17:00:00'),
('8999999193416', 'TARO NET CHILIKONG 60', '', 23, 18644, 58992, 0, 0, 0, 16, 5, '2019-08-28 17:00:00', '2019-08-28 17:00:00'),
('8999999193430', 'SARIWANGI TEH CELUP 100X2GR', '', 15, 38639, 52150, 0, 0, 0, 16, 5, '2019-08-28 17:00:00', '2019-08-28 17:00:00'),
('8999999193447', 'SARIWANGI TEH HIJAU 25 S', '', 44, 17303, 25959, 0, 0, 0, 16, 5, '2019-08-28 17:00:00', '2019-08-28 17:00:00'),
('8999999193522', 'SARIWANGI 5X1.85G', '', 41, 24008, 24373, 0, 0, 0, 16, 5, '2019-08-28 17:00:00', '2019-08-28 17:00:00'),
('8999999193539', 'SARIWANGI 25X1.85G', '', 44, 18171, 26786, 0, 0, 0, 16, 5, '2019-08-28 17:00:00', '2019-08-28 17:00:00'),
('8999999193546', 'SARIWANGI 50X1.85G', '', 35, 28929, 48415, 0, 0, 0, 16, 5, '2019-08-28 17:00:00', '2019-08-28 17:00:00'),
('8999999193553', 'SARIWANGI 100 X 2GR', '', 10, 49250, 56704, 0, 0, 0, 16, 5, '2019-08-28 17:00:00', '2019-08-28 17:00:00'),
('8999999193607', 'SARIWANGI MELATI 25 X 2GR', '', 41, 34862, 62807, 0, 0, 0, 16, 5, '2019-08-28 17:00:00', '2019-08-28 17:00:00'),
('8999999193614', 'SARIWANGI TEH MADU 5X18GR', '', 12, 28569, 57967, 0, 0, 0, 16, 5, '2019-08-28 17:00:00', '2019-08-28 17:00:00'),
('8999999193683', 'LIPTON ICE TEA LEMON 200ML', '', 13, 32714, 61341, 0, 0, 0, 16, 5, '2019-08-28 17:00:00', '2019-08-28 17:00:00'),
('8999999193690', 'LIPTON ICE TEA APPLE 200ML', '', 20, 31930, 65037, 0, 0, 0, 16, 5, '2019-08-28 17:00:00', '2019-08-28 17:00:00'),
('8999999194031', 'ROYCO BUMBU SERBAGUNA 8GR', '', 33, 20403, 26061, 0, 0, 0, 16, 5, '2019-08-28 17:00:00', '2019-08-28 17:00:00'),
('8999999194048', 'ROYCO RASA AYAM 8GR', '', 18, 15854, 39737, 0, 0, 0, 16, 5, '2019-08-28 17:00:00', '2019-08-28 17:00:00'),
('8999999194703', 'SARI MURNIO 16GR', '', 17, 44501, 63851, 0, 0, 0, 16, 5, '2019-08-28 17:00:00', '2019-08-28 17:00:00'),
('8999999194710', 'SARI MURNI 40GR', '', 18, 23266, 35204, 0, 0, 0, 16, 5, '2019-08-28 17:00:00', '2019-08-28 17:00:00'),
('8999999194772', 'SARIWANGI 25 X 2GR', '', 11, 28822, 52248, 0, 0, 0, 16, 5, '2019-08-28 17:00:00', '2019-08-28 17:00:00'),
('8999999195298', 'SARIWANGI TEH KELAT 25SCT', '', 34, 11679, 24827, 0, 0, 0, 16, 5, '2019-08-28 17:00:00', '2019-08-28 17:00:00'),
('8999999195359', 'SARIWANGI TEH KELAT 5SCT', '', 13, 20918, 22415, 0, 0, 0, 16, 5, '2019-08-28 17:00:00', '2019-08-28 17:00:00'),
('8999999195656', 'SARI WANGI CELUP 50', '', 17, 27780, 68993, 0, 0, 0, 16, 5, '2019-08-28 17:00:00', '2019-08-28 17:00:00'),
('8999999195663', 'SARI WANGI CELUP 25', '', 35, 48861, 64219, 0, 0, 0, 16, 5, '2019-08-28 17:00:00', '2019-08-28 17:00:00'),
('8999999195670', 'SARI WANGI CELUP 100', '', 30, 21010, 31462, 0, 0, 0, 16, 5, '2019-08-28 17:00:00', '2019-08-28 17:00:00'),
('8999999196257', 'SARIWANGI TEH J NIPIS 5X18GR', '', 45, 24942, 38431, 0, 0, 0, 16, 5, '2019-08-28 17:00:00', '2019-08-28 17:00:00'),
('8999999196264', 'SARIWANGI TEH JAHE 5X18GR', '', 31, 11864, 40553, 0, 0, 0, 16, 5, '2019-08-28 17:00:00', '2019-08-28 17:00:00'),
('8999999196271', 'SARIWANGI TEH SUSU 5X18GR', '', 46, 33371, 46795, 0, 0, 0, 16, 5, '2019-08-28 17:00:00', '2019-08-28 17:00:00'),
('8999999197049', 'BLUE BAND 250G', '', 30, 15046, 19740, 0, 0, 0, 16, 5, '2019-08-28 17:00:00', '2019-08-28 17:00:00'),
('8999999197070', 'BLUE BAND 2 KG', '', 23, 29771, 43251, 0, 0, 0, 16, 5, '2019-08-28 17:00:00', '2019-08-28 17:00:00'),
('8999999197803', 'ROYCO TP BB TEMPURA 80GR', '', 44, 49791, 63202, 0, 0, 0, 16, 5, '2019-08-28 17:00:00', '2019-08-28 17:00:00'),
('8999999197810', 'ROYCO TP BB SERBAGUNA PDS 80GR', '', 19, 20250, 53057, 0, 0, 0, 16, 5, '2019-08-28 17:00:00', '2019-08-28 17:00:00'),
('8999999197827', 'ROYCO TP BB SERBAGUNA 80GR', '', 31, 41800, 51738, 0, 0, 0, 16, 5, '2019-08-28 17:00:00', '2019-08-28 17:00:00'),
('8999999198572', 'ROYCO B PELEZAT SG RS AYAM 10G', '', 48, 12334, 31399, 0, 0, 0, 16, 5, '2019-08-28 17:00:00', '2019-08-28 17:00:00'),
('8999999198589', 'ROYCO RASA SAPI 10 GR', '', 30, 41990, 63110, 0, 0, 0, 16, 5, '2019-08-28 17:00:00', '2019-08-28 17:00:00'),
('8999999198862', 'BLUE BAND 200G', '', 47, 38698, 67356, 0, 0, 0, 16, 5, '2019-08-28 17:00:00', '2019-08-28 17:00:00'),
('8999999198893', 'BLUE BAND 1KG', '', 20, 10059, 43616, 0, 0, 0, 16, 5, '2019-08-28 17:00:00', '2019-08-28 17:00:00'),
('8999999271060', 'WALLS PADDLE POP COKLAT', '', 22, 32349, 63550, 0, 0, 0, 16, 5, '2019-08-28 17:00:00', '2019-08-28 17:00:00'),
('8999999271237', 'WALLS PADDLE POP PELANGI KARAM', '', 44, 19687, 45251, 0, 0, 0, 16, 5, '2019-08-28 17:00:00', '2019-08-28 17:00:00'),
('8999999271350', 'WALLS PADDLE POP MINI SUSU COK', '', 48, 33515, 56237, 0, 0, 0, 16, 5, '2019-08-28 17:00:00', '2019-08-28 17:00:00'),
('8999999271411', 'WALLS BLIP BLOP', '', 18, 17706, 66287, 0, 0, 0, 16, 5, '2019-08-28 17:00:00', '2019-08-28 17:00:00'),
('8999999271428', 'WALLS FEAST COKLAT KACANG', '', 12, 45885, 63322, 0, 0, 0, 16, 5, '2019-08-28 17:00:00', '2019-08-28 17:00:00'),
('8999999271435', 'WALLS FEAST VANILLA KACANG', '', 34, 11464, 51814, 0, 0, 0, 16, 5, '2019-08-28 17:00:00', '2019-08-28 17:00:00'),
('8999999271572', 'WALLS MAGNUM CLASSIC VANILA', '', 49, 32710, 42395, 0, 0, 0, 16, 5, '2019-08-28 17:00:00', '2019-08-28 17:00:00'),
('8999999271602', 'WALLS DIMPI TRICO STRAWB JAMBU', '', 48, 11107, 54227, 0, 0, 0, 16, 5, '2019-08-28 17:00:00', '2019-08-28 17:00:00'),
('8999999271671', 'WALLS PADDLE POP KARAMEL COKL', '', 30, 22748, 64553, 0, 0, 0, 16, 5, '2019-08-28 17:00:00', '2019-08-28 17:00:00'),
('8999999271787', 'WALLS ROCKET JERUK STRAWB', '', 10, 48080, 50663, 0, 0, 0, 16, 5, '2019-08-28 17:00:00', '2019-08-28 17:00:00'),
('8999999271800', 'WALLS PADDLE POP SUSU VANILA', '', 28, 46964, 48301, 0, 0, 0, 16, 5, '2019-08-28 17:00:00', '2019-08-28 17:00:00'),
('8999999271817', 'WALLS PADDLE POP TWISTER RJA', '', 40, 41724, 44068, 0, 0, 0, 16, 5, '2019-08-28 17:00:00', '2019-08-28 17:00:00'),
('8999999271831', 'WALLS PADDLE POP TWISTER CVS', '', 30, 18708, 68506, 0, 0, 0, 16, 5, '2019-08-28 17:00:00', '2019-08-28 17:00:00'),
('8999999271855', 'WALL S PADDLE POP KARAMEL 65 M', '', 13, 34944, 69897, 0, 0, 0, 16, 5, '2019-08-28 17:00:00', '2019-08-28 17:00:00'),
('8999999271862', 'WALL S PADDLE POP CHOCO ROCKY', '', 34, 21330, 45245, 0, 0, 0, 16, 5, '2019-08-28 17:00:00', '2019-08-28 17:00:00'),
('8999999271879', 'WALL S PADDLE POP STAWBERY 65', '', 41, 36486, 44601, 0, 0, 0, 16, 5, '2019-08-28 17:00:00', '2019-08-28 17:00:00'),
('8999999271886', 'WALLS LT GUMMY OCEAN 65ML', '', 48, 15714, 23921, 0, 0, 0, 16, 5, '2019-08-28 17:00:00', '2019-08-28 17:00:00'),
('8999999271893', 'WALL S PADDLE POP CHOCO MUD 65', '', 23, 33361, 69253, 0, 0, 0, 16, 5, '2019-08-28 17:00:00', '2019-08-28 17:00:00'),
('8999999271923', 'WALL S PADDLE BUBBLE GUM', '', 42, 44243, 53435, 0, 0, 0, 16, 5, '2019-08-28 17:00:00', '2019-08-28 17:00:00'),
('8999999271930', 'WALL S PADDLE POP CHOCK ROCKS', '', 27, 31418, 58888, 0, 0, 0, 16, 5, '2019-08-28 17:00:00', '2019-08-28 17:00:00'),
('8999999271947', 'WALL S TRICO 70ML', '', 23, 20737, 34053, 0, 0, 0, 16, 5, '2019-08-28 17:00:00', '2019-08-28 17:00:00'),
('8999999271954', 'WALL S TWISTER ICE CONFEC 75M', '', 17, 39654, 43815, 0, 0, 0, 16, 5, '2019-08-28 17:00:00', '2019-08-28 17:00:00'),
('8999999272005', 'WALLS PADDLE POP THICK SHAKE', '', 35, 28064, 28939, 0, 0, 0, 16, 5, '2019-08-28 17:00:00', '2019-08-28 17:00:00'),
('8999999272173', 'WALLS POPULAIRE STRAWB&VANILA', '', 17, 18933, 39255, 0, 0, 0, 16, 5, '2019-08-28 17:00:00', '2019-08-28 17:00:00'),
('8999999272180', 'WALLS POPULAIRE COKLAT&VANILA', '', 19, 20778, 51761, 0, 0, 0, 16, 5, '2019-08-28 17:00:00', '2019-08-28 17:00:00'),
('8999999272241', 'WALLS PADDLE POP TS FROZEN', '', 49, 46028, 65930, 0, 0, 0, 16, 5, '2019-08-28 17:00:00', '2019-08-28 17:00:00'),
('8999999273132', 'WALLS CONELLO COKLAT', '', 44, 13701, 62846, 0, 0, 0, 16, 5, '2019-08-28 17:00:00', '2019-08-28 17:00:00'),
('8999999273149', 'WALLS CONELLO STRAWB', '', 30, 23023, 44464, 0, 0, 0, 16, 5, '2019-08-28 17:00:00', '2019-08-28 17:00:00'),
('8999999273248', 'WALLS CONELLO CAPPUCINO', '', 18, 39801, 40392, 0, 0, 0, 16, 5, '2019-08-28 17:00:00', '2019-08-28 17:00:00'),
('8999999273255', 'WALLS DOUBLE RASA STRAW', '', 12, 28258, 47836, 0, 0, 0, 16, 5, '2019-08-28 17:00:00', '2019-08-28 17:00:00'),
('8999999273262', 'WALLS DOUBLE RASA TIRAMISU 125', '', 45, 39347, 44059, 0, 0, 0, 16, 5, '2019-08-28 17:00:00', '2019-08-28 17:00:00'),
('8999999273279', 'WALL S CONELLO CUP COKLAT', '', 17, 20908, 62898, 0, 0, 0, 16, 5, '2019-08-28 17:00:00', '2019-08-28 17:00:00'),
('8999999273286', 'WALL S CONELLO MOCHA CUP', '', 50, 45547, 52353, 0, 0, 0, 16, 5, '2019-08-28 17:00:00', '2019-08-28 17:00:00'),
('8999999273293', 'WALL S CONELLO MINTTO BE', '', 12, 43908, 64992, 0, 0, 0, 16, 5, '2019-08-28 17:00:00', '2019-08-28 17:00:00'),
('8999999273309', 'WALL S CONELLO CHOCO HUGS', '', 27, 12664, 30975, 0, 0, 0, 16, 5, '2019-08-28 17:00:00', '2019-08-28 17:00:00'),
('8999999273316', 'WALL S CONELLO LUVPUCCINO', '', 43, 22207, 28733, 0, 0, 0, 16, 5, '2019-08-28 17:00:00', '2019-08-28 17:00:00'),
('8999999273323', 'WALL S CONELLO FLIRTY BERRY', '', 39, 45187, 62964, 0, 0, 0, 16, 5, '2019-08-28 17:00:00', '2019-08-28 17:00:00'),
('8999999273347', 'WALL S CONELLO TIRAMISE YOU', '', 30, 17116, 48017, 0, 0, 0, 16, 5, '2019-08-28 17:00:00', '2019-08-28 17:00:00'),
('8999999273354', 'WALLS CONELLO LATTE CARAMEL', '', 19, 38580, 57585, 0, 0, 0, 16, 5, '2019-08-28 17:00:00', '2019-08-28 17:00:00'),
('8999999273361', 'WALLS CONELLO HZL MOCHACINO', '', 42, 11565, 36563, 0, 0, 0, 16, 5, '2019-08-28 17:00:00', '2019-08-28 17:00:00'),
('8999999273378', 'CONERLLO CHOCOLUV 135', '', 36, 26904, 39246, 0, 0, 0, 16, 5, '2019-08-28 17:00:00', '2019-08-28 17:00:00'),
('8999999273385', 'CONELLO ROYALE LY BERRY MUCH', '', 19, 23423, 61070, 0, 0, 0, 16, 5, '2019-08-28 17:00:00', '2019-08-28 17:00:00'),
('8999999273392', 'CONELLO BLACK ROYAL 135', '', 48, 37797, 49787, 0, 0, 0, 16, 5, '2019-08-28 17:00:00', '2019-08-28 17:00:00'),
('8999999273408', 'WALL S ROYALE ALMOND PRALI 135', '', 31, 35150, 59292, 0, 0, 0, 16, 5, '2019-08-28 17:00:00', '2019-08-28 17:00:00'),
('8999999273415', 'WALL S ROYALE SWRETHEAR BR 135', '', 34, 38339, 48405, 0, 0, 0, 16, 5, '2019-08-28 17:00:00', '2019-08-28 17:00:00'),
('8999999273446', 'WALL S CONELLO CHOCOLATE 120ML', '', 27, 34763, 50462, 0, 0, 0, 16, 5, '2019-08-28 17:00:00', '2019-08-28 17:00:00'),
('8999999273453', 'CONELLO CLASSICO TIRAMISU', '', 29, 42241, 47436, 0, 0, 0, 16, 5, '2019-08-28 17:00:00', '2019-08-28 17:00:00'),
('8999999273460', 'WALL S CONELLO CAPPUCINO 120ML', '', 35, 16005, 43865, 0, 0, 0, 16, 5, '2019-08-28 17:00:00', '2019-08-28 17:00:00'),
('8999999274047', 'WALLS PADDLE POP BIZ-KIDZ 75ML', '', 28, 30043, 46509, 0, 0, 0, 16, 5, '2019-08-28 17:00:00', '2019-08-28 17:00:00'),
('8999999275433', 'WALLS SHAKY2 SHAKE', '', 46, 38396, 55383, 0, 0, 0, 16, 5, '2019-08-28 17:00:00', '2019-08-28 17:00:00'),
('8999999275440', 'WALLS SHAKY SHAKE', '', 40, 42501, 68567, 0, 0, 0, 16, 5, '2019-08-28 17:00:00', '2019-08-28 17:00:00'),
('8999999275457', 'WALLS RAINBOW WAVE 60', '', 20, 12944, 19370, 0, 0, 0, 16, 5, '2019-08-28 17:00:00', '2019-08-28 17:00:00'),
('8999999275464', 'WALLS CHOCO MAGMA 60', '', 44, 14197, 61706, 0, 0, 0, 16, 5, '2019-08-28 17:00:00', '2019-08-28 17:00:00'),
('8999999275488', 'WALLS SEA JELLY BURST 60', '', 26, 28550, 39098, 0, 0, 0, 16, 5, '2019-08-28 17:00:00', '2019-08-28 17:00:00'),
('8999999275501', 'WALLS TWISTER SABER 75', '', 45, 10738, 21598, 0, 0, 0, 16, 5, '2019-08-28 17:00:00', '2020-02-04 11:00:22'),
('8999999275525', 'WALLS KUNGFU COOKIES', '', 13, 42626, 55450, 0, 0, 0, 16, 5, '2019-08-28 17:00:00', '2019-08-28 17:00:00'),
('8999999275549', 'WALLS TWISTER FRUITY', '', 12, 45822, 46267, 0, 0, 0, 16, 5, '2019-08-28 17:00:00', '2019-08-28 17:00:00'),
('8999999275556', 'WALLS NINJA JELLY', '', 46, 35888, 67449, 0, 0, 0, 16, 5, '2019-08-28 17:00:00', '2019-08-28 17:00:00'),
('8999999275563', 'NINJA EAGLE SURP', '', 47, 25157, 49347, 0, 0, 0, 16, 5, '2019-08-28 17:00:00', '2019-08-28 17:00:00'),
('8999999275570', 'RAINBOW PEAK', '', 15, 12685, 50561, 0, 0, 0, 16, 5, '2019-08-28 17:00:00', '2019-08-28 17:00:00'),
('8999999275587', 'PADDLE POP CHOKO KICK', '', 14, 38208, 50383, 0, 0, 0, 16, 5, '2019-08-28 17:00:00', '2019-08-28 17:00:00'),
('8999999276171', 'WALLS MOO', '', 21, 16609, 51870, 0, 0, 0, 16, 5, '2019-08-28 17:00:00', '2019-08-28 17:00:00'),
('8999999277406', 'WALLS PADDLE POP PELANGI 1000M', '', 15, 40632, 64547, 0, 0, 0, 16, 5, '2019-08-28 17:00:00', '2019-08-28 17:00:00'),
('8999999277413', 'WALLS PADDL4E POP COOK&CR', '', 43, 45888, 49362, 0, 0, 0, 16, 5, '2019-08-28 17:00:00', '2019-08-28 17:00:00'),
('8999999277444', 'WALLS MOCCA BLIZZARD', '', 16, 37037, 63918, 0, 0, 0, 16, 5, '2019-08-28 17:00:00', '2019-08-28 17:00:00'),
('8999999277468', 'WALLS VANILLA 900ML', '', 12, 12570, 45760, 0, 0, 0, 16, 5, '2019-08-28 17:00:00', '2019-08-28 17:00:00'),
('8999999277475', 'WALLS 3 IN 1 COK,STRA,VAN 900', '', 38, 31134, 58581, 0, 0, 0, 16, 5, '2019-08-28 17:00:00', '2019-08-28 17:00:00'),
('8999999277482', 'WALLS CHOCOLATE BLIZZARD 900G.', '', 33, 33473, 55889, 0, 0, 0, 16, 5, '2019-08-28 17:00:00', '2019-08-28 17:00:00'),
('8999999277499', 'WALLS COOKIES & CREAM VAN 900M', '', 26, 23046, 47849, 0, 0, 0, 16, 5, '2019-08-28 17:00:00', '2019-08-28 17:00:00'),
('8999999277505', 'WALS 2 IN 1 VAN COK COOK 900ML', '', 43, 31737, 49230, 0, 0, 0, 16, 5, '2019-08-28 17:00:00', '2019-08-28 17:00:00'),
('8999999277512', 'WALLS 2 IN 1 STRAWBERY 900ML', '', 42, 35484, 45447, 0, 0, 0, 16, 5, '2019-08-28 17:00:00', '2019-08-28 17:00:00'),
('8999999277529', 'WALLS SELECTION CHOCOLATE', '', 38, 23269, 28321, 0, 0, 0, 16, 5, '2019-08-28 17:00:00', '2019-08-28 17:00:00'),
('8999999277536', 'WALLS SELECTION STRAWB 850GR', '', 46, 22036, 41846, 0, 0, 0, 16, 5, '2019-08-28 17:00:00', '2019-08-28 17:00:00'),
('8999999277543', 'WALLS SELECTION COFFEE NUTS', '', 38, 47058, 52002, 0, 0, 0, 17, 5, '2019-08-28 17:00:00', '2019-10-10 12:11:49'),
('8999999277550', 'WALL S SELECTION HONEY CARAMEL', '', 48, 17665, 27408, 0, 0, 0, 16, 5, '2019-08-28 17:00:00', '2019-08-28 17:00:00'),
('8999999277567', 'WALLS STRAWB 900ML', '', 43, 43455, 65616, 0, 0, 0, 16, 5, '2019-08-28 17:00:00', '2019-08-28 17:00:00'),
('8999999277604', 'WALLS VERY ROCKY ROAD 900 ML', '', 15, 20072, 41179, 0, 0, 0, 16, 5, '2019-08-28 17:00:00', '2019-08-28 17:00:00'),
('8999999277611', 'WALLS DOUBLE DUTCH 900 ML', '', 43, 49011, 53878, 0, 0, 0, 16, 5, '2019-08-28 17:00:00', '2019-08-28 17:00:00'),
('8999999277628', 'WALLS 2 IN 1 CHOCO MARBLE 900M', '', 36, 49283, 69527, 0, 0, 0, 16, 5, '2019-08-28 17:00:00', '2019-08-28 17:00:00'),
('8999999277635', 'WALL S 2 IN 1 STRAW GRACIA 900', '', 42, 18265, 43873, 0, 0, 0, 16, 5, '2019-08-28 17:00:00', '2019-08-28 17:00:00'),
('8999999277642', 'WALLS VERY ROCKY ROAD 400 ML', '', 46, 16602, 26160, 0, 0, 0, 16, 5, '2019-08-28 17:00:00', '2019-08-28 17:00:00'),
('8999999277659', 'WALL S DOUBLE DUCTH 400 ML', '', 41, 23891, 56433, 0, 0, 0, 16, 5, '2019-08-28 17:00:00', '2019-08-28 17:00:00'),
('8999999277673', 'WALL S 2 IN 1 STRAWBERY 400 M', '', 16, 35172, 60104, 0, 0, 0, 16, 5, '2019-08-28 17:00:00', '2019-08-28 17:00:00'),
('8999999277680', 'WALL S 2 IN 1 VANILLA COK 400M', '', 34, 12662, 42820, 0, 0, 0, 16, 5, '2019-08-28 17:00:00', '2019-08-28 17:00:00'),
('8999999277697', 'WALL SELECTION CHOCOLATE 850ML', '', 24, 19131, 61818, 0, 0, 0, 16, 5, '2019-08-28 17:00:00', '2019-08-28 17:00:00'),
('8999999277703', 'WALL SELECTION CAPPUCCINO 850', '', 22, 22196, 34618, 0, 0, 0, 16, 5, '2019-08-28 17:00:00', '2019-08-28 17:00:00'),
('8999999277710', 'WALL SELECTION BLUEBERY 850ML', '', 24, 43477, 55769, 0, 0, 0, 16, 5, '2019-08-28 17:00:00', '2019-08-28 17:00:00'),
('8999999277727', 'WALL SELECTION STRAWBWRY 850ML', '', 33, 21115, 31959, 0, 0, 0, 16, 5, '2019-08-28 17:00:00', '2019-08-28 17:00:00'),
('8999999277734', 'WALLS MOO 70 ML', '', 39, 16421, 31216, 0, 0, 0, 16, 5, '2019-08-28 17:00:00', '2019-08-28 17:00:00'),
('8999999277741', 'WALL S TRIPLE COKLAT 3IN1 900', '', 21, 18952, 65831, 0, 0, 0, 16, 5, '2019-08-28 17:00:00', '2019-08-28 17:00:00'),
('8999999277758', 'WALL S 3IN1 STW,ORG,BUBLE 900M', '', 26, 39239, 65826, 0, 0, 0, 16, 5, '2019-08-28 17:00:00', '2019-08-28 17:00:00'),
('8999999277765', 'WALL S 3IN1 CLK,STRW,VAN', '', 14, 30796, 53278, 0, 0, 0, 16, 5, '2019-08-28 17:00:00', '2019-08-28 17:00:00'),
('8999999277772', 'WALL S 3IN1 STR,BBG,ORG 400ML', '', 39, 41888, 42090, 0, 0, 0, 16, 5, '2019-08-28 17:00:00', '2019-08-28 17:00:00'),
('8999999277802', 'WALLS 2IN1 STRW,CHOC CHIP 400M', '', 31, 37326, 51541, 0, 0, 0, 16, 5, '2019-08-28 17:00:00', '2019-08-28 17:00:00'),
('8999999277819', 'WALLS 2IN1 STRAWB CHOCO 900GR', '', 37, 32623, 61394, 0, 0, 0, 16, 5, '2019-08-28 17:00:00', '2019-08-28 17:00:00'),
('8999999277826', 'WALL SELECTION DOUBLE HZNT 850', '', 24, 46960, 65250, 0, 0, 0, 16, 5, '2019-08-28 17:00:00', '2019-08-28 17:00:00'),
('8999999277840', 'WALL S MILKY VANILLA CHO 900ML', '', 16, 15939, 54772, 0, 0, 0, 16, 5, '2019-08-28 17:00:00', '2019-08-28 17:00:00'),
('8999999277857', 'WALL S MILKY VANILLA 400ML', '', 15, 49934, 55186, 0, 0, 0, 16, 5, '2019-08-28 17:00:00', '2019-08-28 17:00:00'),
('8999999277895', 'WALLS BRONIES TIRAMISU 600G', '', 37, 45592, 51688, 0, 0, 0, 16, 5, '2019-08-28 17:00:00', '2019-08-28 17:00:00'),
('8999999277901', 'WALLS VIENNETTA BROW.CHO 600G', '', 43, 42774, 50484, 0, 0, 0, 16, 5, '2019-08-28 17:00:00', '2019-08-28 17:00:00'),
('8999999277918', 'WALLS NYDAILY HCAL BLUE 400', '', 32, 41300, 42885, 0, 0, 0, 16, 5, '2019-08-28 17:00:00', '2019-08-28 17:00:00'),
('8999999277925', 'WALLS MILK VANILLA 900', '', 21, 22954, 57718, 0, 0, 0, 16, 5, '2019-08-28 17:00:00', '2019-08-28 17:00:00'),
('8999999277932', 'WALL S SELECT ITALIAN 750ML', '', 47, 33525, 38470, 0, 0, 0, 16, 5, '2019-08-28 17:00:00', '2019-08-28 17:00:00'),
('8999999277963', 'WALL S SELECT CHESSIE BLUE 750', '', 15, 49002, 56004, 0, 0, 0, 16, 5, '2019-08-28 17:00:00', '2019-08-28 17:00:00'),
('8999999277987', 'WALLS VIENNETTA BLACK FOREST', '', 45, 22850, 56056, 0, 0, 0, 16, 5, '2019-08-28 17:00:00', '2019-08-28 17:00:00'),
('8999999278274', 'WALL S VIENNETA KURMA 600ML', '', 44, 30700, 35435, 0, 0, 0, 16, 5, '2019-08-28 17:00:00', '2019-08-28 17:00:00'),
('8999999278281', 'WALL S MINI CORNET STRW 12X30M', '', 15, 22309, 25971, 0, 0, 0, 16, 5, '2019-08-28 17:00:00', '2019-08-28 17:00:00'),
('8999999278298', 'WALL S MINI CORNET CHOC 12X30M', '', 17, 48727, 54919, 0, 0, 0, 16, 5, '2019-08-28 17:00:00', '2019-08-28 17:00:00'),
('8999999278359', 'WALL S TRI CHOCO 350 ML', '', 30, 24438, 25097, 0, 0, 0, 16, 5, '2019-08-28 17:00:00', '2019-08-28 17:00:00'),
('8999999278366', 'WALLS COKLAT VANILLA 350', '', 33, 43003, 50815, 0, 0, 0, 16, 5, '2019-08-28 17:00:00', '2019-08-28 17:00:00'),
('8999999278380', 'WALL S TRIPLE TWIST 350 ML', '', 22, 43330, 61090, 0, 0, 0, 16, 5, '2019-08-28 17:00:00', '2019-08-28 17:00:00'),
('8999999278403', 'WALLS TRIPLE FRUIT 350', '', 10, 35826, 43397, 0, 0, 0, 16, 5, '2019-08-28 17:00:00', '2019-08-28 17:00:00'),
('8999999278427', 'WALLS NEOPOLITAN 350', '', 29, 40679, 68954, 0, 0, 0, 16, 5, '2019-08-28 17:00:00', '2019-08-28 17:00:00'),
('8999999278434', 'WALLS COKLAT VANILA 700', '', 40, 49980, 64463, 0, 0, 0, 16, 5, '2019-08-28 17:00:00', '2019-08-28 17:00:00'),
('8999999278441', 'WALL S CORNETTO DISC CHO', '', 43, 34073, 42143, 0, 0, 0, 16, 5, '2019-08-28 17:00:00', '2019-08-28 17:00:00'),
('8999999278458', 'CONELO DISC VAN', '', 13, 20446, 58336, 0, 0, 0, 16, 5, '2019-08-28 17:00:00', '2019-08-28 17:00:00'),
('8999999280000', 'WALLS PADDLE POP COKLAT 65ML', '', 11, 18292, 19472, 0, 0, 0, 16, 5, '2019-08-28 17:00:00', '2019-08-28 17:00:00'),
('8999999280017', 'WALLS PADDLE POP FLAKES', '', 10, 20317, 30969, 0, 0, 0, 16, 5, '2019-08-28 17:00:00', '2019-08-28 17:00:00'),
('8999999280024', 'WALLS PADDLE POP PELANGI', '', 46, 47943, 50356, 0, 0, 0, 16, 5, '2019-08-28 17:00:00', '2019-08-28 17:00:00'),
('8999999280086', 'WALLS PADDLE POP C&C VANILA', '', 24, 15763, 40947, 0, 0, 0, 16, 5, '2019-08-28 17:00:00', '2019-08-28 17:00:00'),
('8999999280093', 'WALL S PADDLE POP GALACTICA', '', 50, 42912, 53861, 0, 0, 0, 16, 5, '2019-08-28 17:00:00', '2019-08-28 17:00:00'),
('8999999280109', 'WALL S PADDLE POP GALACTICA', '', 38, 44917, 50856, 0, 0, 0, 16, 5, '2019-08-28 17:00:00', '2019-08-28 17:00:00'),
('8999999280116', 'WALL S JELLY GALAXY 65ML', '', 27, 30224, 55146, 0, 0, 0, 16, 5, '2019-08-28 17:00:00', '2019-08-28 17:00:00'),
('8999999280123', 'WALL S PADDLE POP GALACTICA', '', 12, 10727, 58861, 0, 0, 0, 16, 5, '2019-08-28 17:00:00', '2019-08-28 17:00:00'),
('8999999280130', 'WALL S PADDLE POP GALACTICA', '', 19, 41625, 58269, 0, 0, 0, 16, 5, '2019-08-28 17:00:00', '2019-08-28 17:00:00'),
('8999999280147', 'WALL S PADDLE POP NUTTY CHOC', '', 40, 32803, 38858, 0, 0, 0, 16, 5, '2019-08-28 17:00:00', '2019-08-28 17:00:00'),
('8999999280154', 'WALL S PADDLE POP RAINBAOW', '', 25, 44617, 63580, 0, 0, 0, 16, 5, '2019-08-28 17:00:00', '2019-08-28 17:00:00'),
('8999999280161', 'WALL S PADDLE POP SARSI', '', 20, 25395, 31334, 0, 0, 0, 16, 5, '2019-08-28 17:00:00', '2019-08-28 17:00:00'),
('8999999280178', 'WALL S PADDLE POP CHOCO CHARM', '', 24, 46245, 68216, 0, 0, 0, 16, 5, '2019-08-28 17:00:00', '2019-08-28 17:00:00'),
('8999999280185', 'WALL S PADDLE POP MARKISA', '', 24, 34723, 63419, 0, 0, 0, 16, 5, '2019-08-28 17:00:00', '2019-08-28 17:00:00'),
('8999999280192', 'PADDLE POP CANDY CAKE NOVA', '', 35, 44702, 67735, 0, 0, 0, 16, 5, '2019-08-28 17:00:00', '2019-08-28 17:00:00'),
('8999999280208', 'WALLS CHOCO BERRY PO[[ER', '', 50, 36519, 68709, 0, 0, 0, 16, 5, '2019-08-28 17:00:00', '2019-08-28 17:00:00'),
('8999999280215', 'PADDLE POP CHOCOLATE VOLT 60ML', '', 47, 40981, 54930, 0, 0, 0, 16, 5, '2019-08-28 17:00:00', '2019-08-28 17:00:00'),
('8999999280222', 'PADDLE POP RAINBOW SPARK 60ML', '', 35, 37975, 49004, 0, 0, 0, 16, 5, '2019-08-28 17:00:00', '2019-08-28 17:00:00'),
('8999999280239', 'PADDLE POP TWISTER COLA 75ML', '', 50, 46085, 63798, 0, 0, 0, 16, 5, '2019-08-28 17:00:00', '2019-08-28 17:00:00'),
('8999999280246', 'PADDLE POP CYBERION 65ML', '', 45, 42259, 49207, 0, 0, 0, 16, 5, '2019-08-28 17:00:00', '2019-08-28 17:00:00'),
('8999999280253', 'WALL S TRICO STRAWBERRY 60ML', '', 22, 24906, 52964, 0, 0, 0, 16, 5, '2019-08-28 17:00:00', '2019-08-28 17:00:00'),
('8999999282196', 'WALLS POPULAIRE COK/VAN 90 ML', '', 35, 46872, 62329, 0, 0, 0, 16, 5, '2019-08-28 17:00:00', '2019-08-28 17:00:00'),
('8999999282202', 'WALLS POPULAIRE STRO/VAN 90 ML', '', 28, 46389, 49905, 0, 0, 0, 16, 5, '2019-08-28 17:00:00', '2019-08-28 17:00:00'),
('8999999283018', 'CANELLO CLASSICO VANILA 110ML', '', 20, 16208, 65952, 0, 0, 0, 16, 5, '2019-08-28 17:00:00', '2019-08-28 17:00:00'),
('8999999283025', 'WALLS CONELO TIRAMISU 110', '', 34, 40445, 42719, 0, 0, 0, 16, 5, '2019-08-28 17:00:00', '2019-08-28 17:00:00'),
('8999999283032', 'WALLS CONELLO HAZELNUT MOCA', '', 26, 36884, 51144, 0, 0, 0, 16, 5, '2019-08-28 17:00:00', '2019-08-28 17:00:00'),
('8999999283049', 'WALLS CONELLO LATTE CARAMEL', '', 11, 10120, 18394, 0, 0, 0, 16, 5, '2019-08-28 17:00:00', '2019-08-28 17:00:00'),
('8999999290009', 'WALLS MAGNUM ALMOND', '', 11, 14201, 61870, 0, 0, 0, 16, 5, '2019-08-28 17:00:00', '2019-08-28 17:00:00'),
('8999999290030', 'WALLS VIENNETTA VAN COKLAT 600', '', 14, 26733, 57543, 0, 0, 0, 16, 5, '2019-08-28 17:00:00', '2019-08-28 17:00:00'),
('8999999294021', 'WALL S FEAST VANILA 65ML', '', 40, 35824, 45785, 0, 0, 0, 16, 5, '2019-08-28 17:00:00', '2019-08-28 17:00:00'),
('8999999294038', 'WALL S FEAST COKLAT KACANG 65M', '', 49, 14065, 68923, 0, 0, 0, 16, 5, '2019-08-28 17:00:00', '2019-08-28 17:00:00'),
('8999999390037', 'RINSO ANTI NODA 500GR', '', 18, 32971, 62977, 0, 0, 0, 16, 5, '2019-08-28 17:00:00', '2019-08-28 17:00:00'),
('8999999390044', 'RINSO ANTI NODA IKG', '', 41, 43647, 60469, 0, 0, 0, 16, 5, '2019-08-28 17:00:00', '2019-08-28 17:00:00'),
('8999999390099', 'RINSO MATIC 1 KG', '', 17, 14749, 19512, 0, 0, 0, 16, 5, '2019-08-28 17:00:00', '2019-08-28 17:00:00'),
('8999999390105', 'RINSO MATIC 3 KG', '', 31, 20450, 45089, 0, 0, 0, 16, 5, '2019-08-28 17:00:00', '2019-08-28 17:00:00'),
('8999999390129', 'SUNLIGHT CREAM JRK NIPIS 400G', '', 31, 33043, 55394, 0, 0, 0, 16, 5, '2019-08-28 17:00:00', '2019-08-28 17:00:00'),
('8999999390167', 'SUNLIGHT PIRING LEMON 400ML', '', 17, 47271, 56342, 0, 0, 0, 16, 5, '2019-08-28 17:00:00', '2019-08-28 17:00:00'),
('8999999390174', 'SUNLIGHT PIRING LEMON 800ML', '', 39, 36743, 45324, 0, 0, 0, 16, 5, '2019-08-28 17:00:00', '2019-08-28 17:00:00'),
('8999999390181', 'SUNLIGHT PIRING LIME POUCH 400', '', 17, 17488, 66109, 0, 0, 0, 16, 5, '2019-08-28 17:00:00', '2019-08-28 17:00:00'),
('8999999390198', 'SUNLIGHT PIRING LIME POUCH 800', '', 26, 36536, 63743, 0, 0, 0, 16, 5, '2019-08-28 17:00:00', '2019-08-28 17:00:00'),
('8999999390211', 'SUNLIGHT PIRING LIME 225ML', '', 17, 46734, 65212, 0, 0, 0, 16, 5, '2019-08-28 17:00:00', '2019-08-28 17:00:00'),
('8999999390310', 'RINSO WARNA 1 KG', '', 50, 41456, 43993, 0, 0, 0, 16, 5, '2019-08-28 17:00:00', '2019-08-28 17:00:00'),
('8999999390327', 'RINSO WARNA 2 KG', '', 23, 11969, 18043, 0, 0, 0, 16, 5, '2019-08-28 17:00:00', '2019-08-28 17:00:00'),
('8999999390419', 'SUNLIGHT JERUK NIPIS 200ML', '', 50, 28631, 62510, 0, 0, 0, 16, 5, '2019-08-28 17:00:00', '2019-08-28 17:00:00'),
('8999999390495', 'OMO CREAM BIRU 200G', '', 45, 23392, 40625, 0, 0, 0, 16, 5, '2019-08-28 17:00:00', '2019-08-28 17:00:00'),
('8999999390501', 'OMO CREAM BIRU 400G', '', 44, 25857, 50792, 0, 0, 0, 16, 5, '2019-08-28 17:00:00', '2019-08-28 17:00:00'),
('8999999390518', 'OMO KRIM POT 400G', '', 17, 26093, 59149, 0, 0, 0, 16, 5, '2019-08-28 17:00:00', '2019-08-28 17:00:00'),
('8999999390532', 'OMO CREAM LEMON 400G', '', 25, 16676, 61328, 0, 0, 0, 16, 5, '2019-08-28 17:00:00', '2019-08-28 17:00:00'),
('8999999390549', 'OMO KRIM LEMON POT 400G', '', 27, 37395, 54313, 0, 0, 0, 16, 5, '2019-08-28 17:00:00', '2019-08-28 17:00:00'),
('8999999390594', 'OMO KRIM HIGINIS POT 400G', '', 48, 23753, 45893, 0, 0, 0, 16, 5, '2019-08-28 17:00:00', '2019-08-28 17:00:00'),
('8999999390723', 'RINSO WARNA CLEAN 1KG', '', 42, 46331, 66518, 0, 0, 0, 16, 5, '2019-08-28 17:00:00', '2019-08-28 17:00:00'),
('8999999390730', 'RINSO COLOUR & CARE 2KG', '', 37, 17773, 27358, 0, 0, 0, 16, 5, '2019-08-28 17:00:00', '2019-08-28 17:00:00'),
('8999999390884', 'LIFEBUOY MERAH 90G', '', 14, 18792, 48306, 0, 0, 0, 16, 5, '2019-08-28 17:00:00', '2019-08-28 17:00:00'),
('8999999390891', 'LIFEBUOY BIRU 90G', '', 18, 32345, 63073, 0, 0, 0, 16, 5, '2019-08-28 17:00:00', '2019-08-28 17:00:00'),
('8999999390907', 'LIFEBUOY KUNING 90G', '', 42, 38072, 53540, 0, 0, 0, 16, 5, '2019-08-28 17:00:00', '2019-08-28 17:00:00'),
('8999999390914', 'LIFEBUOY HIJAU 90G', '', 40, 20517, 49255, 0, 0, 0, 16, 5, '2019-08-28 17:00:00', '2019-08-28 17:00:00'),
('8999999390969', 'SURF DET LIME FRESH 45GR', '', 49, 26282, 46118, 0, 0, 0, 16, 5, '2019-08-28 17:00:00', '2019-08-28 17:00:00'),
('8999999390976', 'SURF BUBUK LIME FRESH 900', '', 46, 49060, 51198, 0, 0, 0, 16, 5, '2019-08-28 17:00:00', '2019-08-28 17:00:00'),
('8999999391041', 'RINSO BUBUK WARNA 93G', '', 19, 12063, 28740, 0, 0, 0, 16, 5, '2019-08-28 17:00:00', '2019-08-28 17:00:00'),
('8999999391102', 'LUX YOUTHFUL ESSENSE 100GR', '', 40, 11600, 15417, 0, 0, 0, 16, 5, '2019-08-28 17:00:00', '2019-08-28 17:00:00'),
('8999999391270', 'LIFEBUOY HEALTHY FRESH 300ML', '', 21, 45253, 53201, 0, 0, 0, 16, 5, '2019-08-28 17:00:00', '2019-08-28 17:00:00'),
('8999999391379', 'SUNLIGHT KRIM LIME POT 400G', '', 37, 13767, 62964, 0, 0, 0, 16, 5, '2019-08-28 17:00:00', '2019-08-28 17:00:00'),
('8999999391539', 'LIFEBUOY CLEAR SKIN 80GR', '', 20, 28022, 33765, 0, 0, 0, 16, 5, '2019-08-28 17:00:00', '2019-08-28 17:00:00'),
('8999999391560', 'RINSO ANTI NODA 32GR', '', 18, 18540, 68333, 0, 0, 0, 16, 5, '2019-08-28 17:00:00', '2019-08-28 17:00:00'),
('8999999391621', 'RINSO ANTINODA 500GR NEW', '', 47, 21158, 66005, 0, 0, 0, 16, 5, '2019-08-28 17:00:00', '2019-08-28 17:00:00'),
('8999999391638', 'RINSO ANTI NODA 900', '', 11, 39110, 50708, 0, 0, 0, 16, 5, '2019-08-28 17:00:00', '2019-08-28 17:00:00'),
('8999999391645', 'RINSO ANTI NODA 2KG', '', 17, 21390, 41112, 0, 0, 0, 16, 5, '2019-08-28 17:00:00', '2019-08-28 17:00:00'),
('8999999391713', 'VIM 650G', '', 42, 10649, 68060, 0, 0, 0, 16, 5, '2019-08-28 17:00:00', '2019-08-28 17:00:00'),
('8999999391751', 'VIM BUBUK PEMBERSIH LEMON 650G', '', 31, 24284, 49130, 0, 0, 0, 16, 5, '2019-08-28 17:00:00', '2019-08-28 17:00:00'),
('8999999391768', 'RINSO MATIC 1KG', '', 42, 25813, 68623, 0, 0, 0, 16, 5, '2019-08-28 17:00:00', '2019-08-28 17:00:00'),
('8999999391799', 'RINSO MATIC 3 KG', '', 46, 17041, 50396, 0, 0, 0, 16, 5, '2019-08-28 17:00:00', '2019-08-28 17:00:00'),
('8999999391850', 'LIFEBUOY HIJAU 70GR', '', 48, 37701, 67195, 0, 0, 0, 16, 5, '2019-08-28 17:00:00', '2019-08-28 17:00:00'),
('8999999391867', 'LIFEBUOY PINK 70GR', '', 40, 35186, 39486, 0, 0, 0, 16, 5, '2019-08-28 17:00:00', '2019-08-28 17:00:00'),
('8999999391973', 'RINSO WARNA 1 KG', '', 30, 36524, 51926, 0, 0, 0, 16, 5, '2019-08-28 17:00:00', '2019-08-28 17:00:00'),
('8999999392123', 'SURF LIME FRESH 2KG', '', 30, 16663, 55443, 0, 0, 0, 16, 5, '2019-08-28 17:00:00', '2019-08-28 17:00:00'),
('8999999392147', 'RINSO WARNA BUBUK 2KG', '', 49, 49740, 52464, 0, 0, 0, 16, 5, '2019-08-28 17:00:00', '2019-08-28 17:00:00'),
('8999999392154', 'SUNLIGHT LEMON 200ML', '', 50, 49005, 62149, 0, 0, 0, 16, 5, '2019-08-28 17:00:00', '2019-08-28 17:00:00'),
('8999999392178', 'SUNLIGHT JERUK NIPIS 250ML', '', 30, 40951, 54712, 0, 0, 0, 16, 5, '2019-08-28 17:00:00', '2019-08-28 17:00:00'),
('8999999392215', 'SUNLIGHT JERUK NIPIS 650G', '', 35, 11730, 31347, 0, 0, 0, 16, 5, '2019-08-28 17:00:00', '2019-08-28 17:00:00'),
('8999999392222', 'SUNLIGHT SCOURER LIME RVL 650G', '', 36, 28152, 43078, 0, 0, 0, 16, 5, '2019-08-28 17:00:00', '2019-08-28 17:00:00'),
('8999999392277', 'SUNLIGHT LEMON 250ML BTL', '', 28, 35265, 50434, 0, 0, 0, 16, 5, '2019-08-28 17:00:00', '2019-08-28 17:00:00'),
('8999999392383', 'RINSO BUBUK ANTI NODA 80G', '', 24, 24109, 62712, 0, 0, 0, 16, 5, '2019-08-28 17:00:00', '2019-08-28 17:00:00'),
('8999999392543', 'LIFEBOY BODY WASH WHITE 100', '', 35, 26301, 30259, 0, 0, 0, 16, 5, '2019-08-28 17:00:00', '2019-08-28 17:00:00'),
('8999999392581', 'LIFEBOY BODY WASH RED 100', '', 17, 31000, 62013, 0, 0, 0, 16, 5, '2019-08-28 17:00:00', '2019-10-01 02:20:13'),
('8999999392598', 'LIFEBUOY B WASH NATUREPURE 100', '', 41, 14886, 63566, 0, 0, 0, 16, 5, '2019-08-28 17:00:00', '2019-08-28 17:00:00'),
('8999999392734', 'SUNLIGHT JERUK NIPIS 90ML', '', 40, 13729, 44017, 0, 0, 0, 16, 5, '2019-08-28 17:00:00', '2019-08-28 17:00:00'),
('8999999392796', 'LIFEBUOY BD WASH RED 300M', '', 49, 10639, 39052, 0, 0, 0, 16, 5, '2019-08-28 17:00:00', '2019-08-28 17:00:00'),
('8999999392819', 'LIFEBUOY SURE PINK 90 GR', '', 22, 44639, 62132, 0, 0, 0, 16, 5, '2019-08-28 17:00:00', '2019-08-28 17:00:00'),
('8999999392864', 'LUX SH PUMP 750ML SOFT LUX', '', 23, 26425, 56931, 0, 0, 0, 16, 5, '2019-08-28 17:00:00', '2019-08-28 17:00:00'),
('8999999392956', 'LUX HONEY&JASMINE 75G', '', 33, 27894, 64836, 0, 0, 0, 16, 5, '2019-08-28 17:00:00', '2019-08-28 17:00:00'),
('8999999392963', 'LUX BEAUTY WITH MILK & ROSE 75', '', 50, 28765, 60598, 0, 0, 0, 16, 5, '2019-08-28 17:00:00', '2019-08-28 17:00:00'),
('8999999393007', 'SURF PTH CEMERLANG LM FRES 900', '', 30, 44102, 47339, 0, 0, 0, 16, 5, '2019-08-28 17:00:00', '2019-08-28 17:00:00'),
('8999999393021', 'LIFEBUOY BD WASH RED 250M', '', 24, 30023, 34425, 0, 0, 0, 16, 5, '2019-08-28 17:00:00', '2019-08-28 17:00:00'),
('8999999393045', 'SURF PTH CEMERLANG CLE FRES900', '', 38, 38820, 56328, 0, 0, 0, 16, 5, '2019-08-28 17:00:00', '2019-08-28 17:00:00'),
('8999999393069', 'LIFEBUOY BD WASH BLUE 250M', '', 32, 12645, 18915, 0, 0, 0, 16, 5, '2019-08-28 17:00:00', '2019-08-28 17:00:00'),
('8999999393090', 'LUX WHITE SPA SCRUB 200ML', '', 33, 32196, 60364, 0, 0, 0, 16, 5, '2019-08-28 17:00:00', '2019-08-28 17:00:00'),
('8999999393311', 'LUX SPECIAL 2005 100GR', '', 40, 37002, 38555, 0, 0, 0, 16, 5, '2019-08-28 17:00:00', '2019-08-28 17:00:00'),
('8999999393434', 'LUX BEAUTY SHOWER MOISTUR 300M', '', 37, 42631, 64653, 0, 0, 0, 16, 5, '2019-08-28 17:00:00', '2019-08-28 17:00:00'),
('8999999393458', 'LUX SHOWER CREAM SILK 250ML', '', 37, 11624, 26787, 0, 0, 0, 16, 5, '2019-08-28 17:00:00', '2019-08-28 17:00:00'),
('8999999393465', 'LUX BEAUTY SHOWER NOURISH 300M', '', 21, 21777, 42282, 0, 0, 0, 16, 5, '2019-08-28 17:00:00', '2019-08-28 17:00:00'),
('8999999393472', 'LUX SPA SCRUB DISTRESS 200', '', 38, 34671, 68223, 0, 0, 0, 16, 5, '2019-08-28 17:00:00', '2019-08-28 17:00:00'),
('8999999393526', 'LIFEBUOY BODY WASH D CLEAN 100', '', 42, 32445, 33568, 0, 0, 0, 16, 5, '2019-08-28 17:00:00', '2019-08-28 17:00:00'),
('8999999393533', 'SURF THOU FLOWER 110 G', '', 40, 48800, 54793, 0, 0, 0, 16, 5, '2019-08-28 17:00:00', '2019-08-28 17:00:00'),
('8999999393540', 'LIFEBOY BODY WASH M CARE 250', '', 16, 14344, 16731, 0, 0, 0, 16, 5, '2019-08-28 17:00:00', '2019-08-28 17:00:00'),
('8999999393571', 'VIM LEMON 650G', '', 30, 38807, 42929, 0, 0, 0, 16, 5, '2019-08-28 17:00:00', '2019-08-28 17:00:00'),
('8999999393595', 'VIM BUBUK PEMBERSIH 650G', '', 45, 24262, 26726, 0, 0, 0, 16, 5, '2019-08-28 17:00:00', '2019-08-28 17:00:00'),
('8999999393687', 'SUNLIGHT PIRING LIME 800ML-BTL', '', 34, 48996, 52899, 0, 0, 0, 16, 5, '2019-08-28 17:00:00', '2019-08-28 17:00:00');
INSERT INTO `product` (`id_product`, `name_product`, `description`, `stock`, `price`, `price_sale`, `price_sale_3`, `price_sale_5`, `price_sale_10`, `category_id`, `unit_id`, `create_at`, `update_at`) VALUES
('8999999393748', 'LIFEBUOY DEEP CLEAN 250 ML', '', 25, 40032, 67710, 0, 0, 0, 16, 5, '2019-08-28 17:00:00', '2019-08-28 17:00:00'),
('8999999393762', 'RINSO COLOUR & CARE 900GR', '', 40, 18094, 48986, 0, 0, 0, 16, 5, '2019-08-28 17:00:00', '2019-08-28 17:00:00'),
('8999999393779', 'SUNLIGHT PRG LEMON 800ML-BTL', '', 44, 34993, 62900, 0, 0, 0, 16, 5, '2019-08-28 17:00:00', '2019-08-28 17:00:00'),
('8999999393823', 'LUX BEAUTY SHOWER REFRESH 300M', '', 23, 31232, 48569, 0, 0, 0, 16, 5, '2019-08-28 17:00:00', '2019-08-28 17:00:00'),
('8999999393847', 'LIFEBUOY NATUREPURE 250ML', '', 11, 31535, 69058, 0, 0, 0, 16, 5, '2019-08-28 17:00:00', '2019-08-28 17:00:00'),
('8999999393861', 'LUX EVENING SILK 250 ML', '', 14, 12662, 18781, 0, 0, 0, 16, 5, '2019-08-28 17:00:00', '2019-08-28 17:00:00'),
('8999999393878', 'LIFEBOY BODY WASH ORIGINAL 250', '', 30, 16522, 68078, 0, 0, 0, 16, 5, '2019-08-28 17:00:00', '2019-08-28 17:00:00'),
('8999999393892', 'LIFEBOY BODY WASH WHITE 300', '', 27, 17472, 59422, 0, 0, 0, 16, 5, '2019-08-28 17:00:00', '2019-08-28 17:00:00'),
('8999999393908', 'LIFEBOY DEEP CLEAN BW 300 RED', '', 46, 45116, 57761, 0, 0, 0, 16, 5, '2019-08-28 17:00:00', '2019-08-28 17:00:00'),
('8999999393915', 'LIFEBUOY BODY WASH NATUR P 300', '', 34, 22558, 63040, 0, 0, 0, 16, 5, '2019-08-28 17:00:00', '2019-08-28 17:00:00'),
('8999999393922', 'LIFEBOY BODY WASH ORIGINAL 300', '', 22, 11475, 52872, 0, 0, 0, 16, 5, '2019-08-28 17:00:00', '2019-08-28 17:00:00'),
('8999999393953', 'LIFEBUOY MILDCARE 85GR', '', 17, 13628, 69097, 0, 0, 0, 16, 5, '2019-08-28 17:00:00', '2019-08-28 17:00:00'),
('8999999394035', 'SURF LIME FRESH 1 KG', '', 19, 17144, 31938, 0, 0, 0, 16, 5, '2019-08-28 17:00:00', '2019-08-28 17:00:00'),
('8999999394042', 'SURF DETERJEN 2 KG', '', 35, 22918, 47113, 0, 0, 0, 16, 5, '2019-08-28 17:00:00', '2019-08-28 17:00:00'),
('8999999394073', 'RINSO BUBUK ANTI NODA 500G', '', 42, 47480, 64911, 0, 0, 0, 16, 5, '2019-08-28 17:00:00', '2019-08-28 17:00:00'),
('8999999394080', 'RINSO BUBUK ANTI NODA 1 KG', '', 16, 16418, 39927, 0, 0, 0, 16, 5, '2019-08-28 17:00:00', '2019-08-28 17:00:00'),
('8999999394097', 'RINSO BUBUK ANTI NODA 2 KG', '', 47, 44947, 54024, 0, 0, 0, 16, 5, '2019-08-28 17:00:00', '2019-08-28 17:00:00'),
('8999999394141', 'SURF FLOWERS 2 KG', '', 30, 13818, 63172, 0, 0, 0, 16, 5, '2019-08-28 17:00:00', '2019-08-28 17:00:00'),
('8999999394158', 'RINSO ANTI NODA 200GR', '', 19, 37818, 46222, 0, 0, 0, 16, 5, '2019-08-28 17:00:00', '2019-08-28 17:00:00'),
('8999999394219', 'RINSO EXCEL 1 KG', '', 11, 37093, 65967, 0, 0, 0, 16, 5, '2019-08-28 17:00:00', '2019-08-28 17:00:00'),
('8999999394271', 'LUX SHOWER EVENING SILK 450ML', '', 48, 17190, 63467, 0, 0, 0, 16, 5, '2019-08-28 17:00:00', '2019-08-28 17:00:00'),
('8999999394349', 'LUX BEAUTY SHOWER GENTLE 300M', '', 23, 16472, 69054, 0, 0, 0, 16, 5, '2019-08-28 17:00:00', '2019-08-28 17:00:00'),
('8999999394356', 'SURF BUBUK 100G', '', 34, 31270, 46209, 0, 0, 0, 16, 5, '2019-08-28 17:00:00', '2019-08-28 17:00:00'),
('8999999394462', 'LUX SHOWER SPARKLING BEAU 250M', '', 40, 16469, 59929, 0, 0, 0, 16, 5, '2019-08-28 17:00:00', '2019-08-28 17:00:00'),
('8999999394479', 'LUX SHOWER CREAM SILK 100ML', '', 30, 48132, 48808, 0, 0, 0, 16, 5, '2019-08-28 17:00:00', '2019-08-28 17:00:00'),
('8999999394486', 'LIFEBUOY TOTALPROTECT 85GR', '', 46, 43710, 44361, 0, 0, 0, 16, 5, '2019-08-28 17:00:00', '2019-08-28 17:00:00'),
('8999999394523', 'LIFEBUOY NATUREPURE 85GR', '', 23, 14544, 68033, 0, 0, 0, 16, 5, '2019-08-28 17:00:00', '2019-08-28 17:00:00'),
('8999999394547', 'LUX SHWR CREAM SOFT LUXURY 100', '', 27, 19678, 44740, 0, 0, 0, 16, 5, '2019-08-28 17:00:00', '2019-08-28 17:00:00'),
('8999999394608', 'LUX SHWR CREAM SPARKLING 100ML', '', 48, 48454, 67097, 0, 0, 0, 16, 5, '2019-08-28 17:00:00', '2019-08-28 17:00:00'),
('8999999394615', 'SUNLIGHT STRAWBERRY 800ML', '', 50, 32661, 53539, 0, 0, 0, 16, 5, '2019-08-28 17:00:00', '2019-08-28 17:00:00'),
('8999999394776', 'LUX BEAU SHOW REF PINK 250 ML', '', 31, 33320, 49759, 0, 0, 0, 16, 5, '2019-08-28 17:00:00', '2019-08-28 17:00:00'),
('8999999394851', 'SURF LIME FRESH 900', '', 12, 22139, 46415, 0, 0, 0, 16, 5, '2019-08-28 17:00:00', '2019-08-28 17:00:00'),
('8999999394905', 'RINSO EXCEL MAGIC HUNT 1KG', '', 15, 40827, 55716, 0, 0, 0, 16, 5, '2019-08-28 17:00:00', '2019-08-28 17:00:00'),
('8999999394912', 'SURF CLEAN FRESH 90GR', '', 30, 30485, 35609, 0, 0, 0, 16, 5, '2019-08-28 17:00:00', '2019-08-28 17:00:00'),
('8999999394929', 'SUNLIGHT LIME 800ML+MGK RFL', '', 27, 47251, 51253, 0, 0, 0, 16, 5, '2019-08-28 17:00:00', '2019-08-28 17:00:00'),
('8999999394967', 'LUX SHOWER CREAM CITRUS 250ML', '', 34, 11245, 26883, 0, 0, 0, 16, 5, '2019-08-28 17:00:00', '2019-08-28 17:00:00'),
('8999999395049', 'LUX WHITE GLAMOUR 100', '', 17, 36146, 62743, 0, 0, 0, 16, 5, '2019-08-28 17:00:00', '2019-08-28 17:00:00'),
('8999999395285', 'LUX BEAUTY SHOWER GREEN 250 ML', '', 35, 28346, 69472, 0, 0, 0, 16, 5, '2019-08-28 17:00:00', '2019-08-28 17:00:00'),
('8999999395292', 'LUX BEAUTY SHOWER GREEN 300 ML', '', 28, 49418, 56727, 0, 0, 0, 16, 5, '2019-08-28 17:00:00', '2019-08-28 17:00:00'),
('8999999395353', 'LUX BEAUT SHOW LIME 250M', '', 11, 19337, 67789, 0, 0, 0, 16, 5, '2019-08-28 17:00:00', '2019-08-28 17:00:00'),
('8999999395391', 'LUXCREAMY DELIGHT 90 G', '', 46, 16813, 17067, 0, 0, 0, 16, 5, '2019-08-28 17:00:00', '2019-08-28 17:00:00'),
('8999999395407', 'LUX SHOWER VIBRANT CITRUS 450M', '', 45, 35842, 58168, 0, 0, 0, 16, 5, '2019-08-28 17:00:00', '2019-08-28 17:00:00'),
('8999999395414', 'LUX SHOWER SPARKLING B 450ML', '', 39, 37542, 51744, 0, 0, 0, 16, 5, '2019-08-28 17:00:00', '2019-08-28 17:00:00'),
('8999999395438', 'LUX SHOWER SPARKLING BEAU 250M', '', 13, 47773, 61481, 0, 0, 0, 16, 5, '2019-08-28 17:00:00', '2019-08-28 17:00:00'),
('8999999395445', 'LUX SHOWER SOFT LUXURY 250 R', '', 21, 22053, 69691, 0, 0, 0, 16, 5, '2019-08-28 17:00:00', '2019-08-28 17:00:00'),
('8999999395520', 'LIFEBUOY ACTIFRESH 85GR', '', 42, 33371, 69450, 0, 0, 0, 16, 5, '2019-08-28 17:00:00', '2019-08-28 17:00:00'),
('8999999395711', 'LUX AROMATIX PETAL TOUCH 90GR', '', 31, 29440, 60642, 0, 0, 0, 16, 5, '2019-08-28 17:00:00', '2019-08-28 17:00:00'),
('8999999395780', 'LUX YOUTHFUL ESSENCE 90GR', '', 19, 17281, 19465, 0, 0, 0, 16, 5, '2019-08-28 17:00:00', '2019-08-28 17:00:00'),
('8999999395797', 'LUX SARI BUNGA LOTUS', '', 37, 42919, 69769, 0, 0, 0, 16, 5, '2019-08-28 17:00:00', '2019-08-28 17:00:00'),
('8999999395803', 'LUX AQUA SPARKLE 90GR', '', 10, 46358, 52440, 0, 0, 0, 16, 5, '2019-08-28 17:00:00', '2019-08-28 17:00:00'),
('8999999395827', 'LUX DAZZLING BEAUTY 90 G', '', 45, 21585, 51485, 0, 0, 0, 16, 5, '2019-08-28 17:00:00', '2019-08-28 17:00:00'),
('8999999395988', 'LUX AROMATIX PEARL GLOW 90 GR', '', 22, 21774, 22512, 0, 0, 0, 16, 5, '2019-08-28 17:00:00', '2019-08-28 17:00:00'),
('8999999395995', 'RINSO MOLTO MAGIC FRESH 900ML', '', 19, 38076, 52124, 0, 0, 0, 16, 5, '2019-08-28 17:00:00', '2019-08-28 17:00:00'),
('8999999396251', 'LUX VIBRANT CITRUS 250 ML', '', 29, 49707, 53194, 0, 0, 0, 16, 5, '2019-08-28 17:00:00', '2019-08-28 17:00:00'),
('8999999396275', 'LUX EVENING SILK 250 ML', '', 43, 16354, 52087, 0, 0, 0, 16, 5, '2019-08-28 17:00:00', '2019-08-28 17:00:00'),
('8999999396282', 'LUX WHITE GLAMOUR 250 ML', '', 27, 45015, 45395, 0, 0, 0, 16, 5, '2019-08-28 17:00:00', '2019-08-28 17:00:00'),
('8999999396299', 'LUX SILK NOURISHMENT 250 ML', '', 29, 36947, 46831, 0, 0, 0, 16, 5, '2019-08-28 17:00:00', '2019-08-28 17:00:00'),
('8999999396329', 'LUX S.LUXURY SHOWER CREAM 450', '', 32, 19473, 51082, 0, 0, 0, 16, 5, '2019-08-28 17:00:00', '2019-08-28 17:00:00'),
('8999999396367', 'LUX BEAUTY SHOW 450ML', '', 29, 25074, 63265, 0, 0, 0, 16, 5, '2019-08-28 17:00:00', '2019-08-28 17:00:00'),
('8999999396398', 'LUX BEAUT SHOW ALMOND 250M', '', 41, 30000, 35000, 0, 0, 0, 16, 5, '2019-08-28 17:00:00', '2020-01-04 05:57:54'),
('8999999396435', 'SURF LIME FRESH 100GR', '', 22, 34313, 51520, 0, 0, 0, 16, 5, '2019-08-28 17:00:00', '2019-08-28 17:00:00'),
('8999999396510', 'LUX WHITE GLAMOUR SHOWER 450M', '', 17, 45937, 68603, 0, 0, 0, 16, 5, '2019-08-28 17:00:00', '2019-08-28 17:00:00'),
('8999999396749', 'SUNLIGHT CREAM 2IN1 350GR', '', 13, 14340, 27375, 0, 0, 0, 16, 5, '2019-08-28 17:00:00', '2019-08-28 17:00:00'),
('8999999396886', 'LIFEBUOY HEALTY CLEAN 100ML', '', 43, 12678, 52992, 0, 0, 0, 16, 5, '2019-08-28 17:00:00', '2019-08-28 17:00:00'),
('8999999396916', 'LIFEBUOY HEALTHY CLEAN 300ML', '', 17, 15293, 45676, 0, 0, 0, 16, 5, '2019-08-28 17:00:00', '2019-08-28 17:00:00'),
('8999999397074', 'LUX GLAMOUR 90GR', '', 12, 36206, 65382, 0, 0, 0, 16, 5, '2019-08-28 17:00:00', '2019-08-28 17:00:00'),
('8999999397289', 'LUX BDW MAGIC SPELL 250BTL', '', 41, 40267, 61899, 0, 0, 0, 16, 5, '2019-08-28 17:00:00', '2019-08-28 17:00:00'),
('8999999397333', 'LIFEBUOY CAIR HEALTY CARE 450M', '', 30, 43475, 57793, 0, 0, 0, 16, 5, '2019-08-28 17:00:00', '2019-08-28 17:00:00'),
('8999999397364', 'LUX MAGIC SPELL 90GR', '', 45, 31890, 46553, 0, 0, 0, 16, 5, '2019-08-28 17:00:00', '2019-08-28 17:00:00'),
('8999999397371', 'LUX MAGIC SPELL BDWASH 250ML', '', 45, 26772, 58680, 0, 0, 0, 16, 5, '2019-08-28 17:00:00', '2019-08-28 17:00:00'),
('8999999397432', 'SUNLIGHT BATANGAN 270G', '', 43, 23003, 29544, 0, 0, 0, 16, 5, '2019-08-28 17:00:00', '2019-08-28 17:00:00'),
('8999999397470', 'SURF CLEAN FRESH 2KG', '', 40, 30664, 58042, 0, 0, 0, 16, 5, '2019-08-28 17:00:00', '2019-08-28 17:00:00'),
('8999999397555', 'SURF CLEAN FRESH 1KG', '', 30, 40555, 65642, 0, 0, 0, 16, 5, '2019-08-28 17:00:00', '2019-08-28 17:00:00'),
('8999999397661', 'SURF CLEAN FRESH 100GR', '', 47, 10695, 42022, 0, 0, 0, 16, 5, '2019-08-28 17:00:00', '2019-08-28 17:00:00'),
('8999999397784', 'RINSO ANTI NODA 75GR', '', 15, 33294, 47117, 0, 0, 0, 16, 5, '2019-08-28 17:00:00', '2019-08-28 17:00:00'),
('8999999397968', 'SUPERBUSA BATANGAN 210G', '', 28, 29356, 67133, 0, 0, 0, 16, 5, '2019-08-28 17:00:00', '2019-08-28 17:00:00'),
('8999999398828', 'LIFEBUOY HEALTHY CLEAN 300ML', '', 11, 13170, 23842, 0, 0, 0, 16, 5, '2019-08-28 17:00:00', '2019-08-28 17:00:00'),
('8999999398835', 'LIFEBUOY HEALTHY CARE 300ML', '', 32, 31120, 62572, 0, 0, 0, 16, 5, '2019-08-28 17:00:00', '2019-08-28 17:00:00'),
('8999999398859', 'LIFEBUOY BODY WASH D CLEAN 450', '', 23, 20945, 26911, 0, 0, 0, 16, 5, '2019-08-28 17:00:00', '2019-08-28 17:00:00'),
('8999999398910', 'SUNLIGHT SOAP 225GR', '', 24, 16485, 44456, 0, 0, 0, 16, 5, '2019-08-28 17:00:00', '2019-08-28 17:00:00'),
('8999999399009', 'RINSO ALOE VERA 70GR', '', 40, 28620, 40135, 0, 0, 0, 16, 5, '2019-08-28 17:00:00', '2019-08-28 17:00:00'),
('8999999399207', 'LIFEBOY BODY WASH TOTAL P 450', '', 39, 48953, 50567, 0, 0, 0, 16, 5, '2019-08-28 17:00:00', '2019-08-28 17:00:00'),
('8999999399238', 'LIFEBOY BODY WASH M CARE 450', '', 16, 26992, 41279, 0, 0, 0, 16, 5, '2019-08-28 17:00:00', '2019-08-28 17:00:00'),
('8999999399276', 'LIFEBUOY BODY WASH NATUR P 450', '', 13, 33680, 60262, 0, 0, 0, 16, 5, '2019-08-28 17:00:00', '2019-08-28 17:00:00'),
('8999999399528', 'LUX LUXURY SHOWER PINK 450ML', '', 25, 20410, 51630, 0, 0, 0, 16, 5, '2019-08-28 17:00:00', '2019-08-28 17:00:00'),
('8999999399771', 'RINSO ANTINODA 75GR', '', 38, 49707, 67337, 0, 0, 0, 16, 5, '2019-08-28 17:00:00', '2019-08-28 17:00:00'),
('8999999399917', 'LUX LUXURY SHOWER PINK 250ML', '', 31, 15621, 41717, 0, 0, 0, 16, 5, '2019-08-28 17:00:00', '2019-08-28 17:00:00'),
('8999999399962', 'LUX WHITE GLAMOUR 250 ML', '', 30, 30761, 53214, 0, 0, 0, 16, 5, '2019-08-28 17:00:00', '2019-08-28 17:00:00'),
('8999999400002', 'RINSO ANTI NODA 56 GR', '', 19, 27108, 36293, 0, 0, 0, 16, 5, '2019-08-28 17:00:00', '2019-08-28 17:00:00'),
('8999999400118', 'SUNCLIN PEMUTIH REGUL 100ML', '', 22, 47794, 63036, 0, 0, 0, 16, 5, '2019-08-28 17:00:00', '2019-08-28 17:00:00'),
('8999999400125', 'SUNCLIN PEMUTIH REGULAR 200M', '', 38, 49393, 56792, 0, 0, 0, 16, 5, '2019-08-28 17:00:00', '2019-08-28 17:00:00'),
('8999999400132', 'SUNCLIN PEMUTIH REGULAR 500ML', '', 46, 49626, 55076, 0, 0, 0, 16, 5, '2019-08-28 17:00:00', '2019-08-28 17:00:00'),
('8999999400149', 'SUNCLIN PEMUTIH REGULAR 1000ML', '', 45, 26071, 55590, 0, 0, 0, 16, 5, '2019-08-28 17:00:00', '2019-08-28 17:00:00'),
('8999999400187', 'SUNCLIN PEMUTIH LEMON 200ML', '', 34, 29565, 48802, 0, 0, 0, 16, 5, '2019-08-28 17:00:00', '2019-08-28 17:00:00'),
('8999999400194', 'SUNCLIN PEMUTIH LEMON 500ML', '', 33, 11000, 56413, 0, 0, 0, 16, 5, '2019-08-28 17:00:00', '2019-08-28 17:00:00'),
('8999999400200', 'SUNCLIN PEMUTIH LEMON 1000 ML', '', 25, 48611, 66907, 0, 0, 0, 16, 5, '2019-08-28 17:00:00', '2019-08-28 17:00:00'),
('8999999400231', 'SUNCLIN PEMUTIH FRESH 100ML', '', 44, 11313, 66761, 0, 0, 0, 16, 5, '2019-08-28 17:00:00', '2019-08-28 17:00:00'),
('8999999400484', 'SUNCLIN PEMUTIH FLORAL 100ML', '', 50, 27415, 31389, 0, 0, 0, 16, 5, '2019-08-28 17:00:00', '2019-08-28 17:00:00'),
('8999999400491', 'SUNCLIN PEMUTIH FLORAL 200ML', '', 19, 47663, 62166, 0, 0, 0, 16, 5, '2019-08-28 17:00:00', '2019-08-28 17:00:00'),
('8999999400507', 'SUNCLIN PEMUTIH FLORAL 500ML', '', 24, 12808, 16164, 0, 0, 0, 16, 5, '2019-08-28 17:00:00', '2019-08-28 17:00:00'),
('8999999400576', 'MOLTO PEWANGI VIOLET 450ML', '', 41, 12604, 55692, 0, 0, 0, 16, 5, '2019-08-28 17:00:00', '2019-08-28 17:00:00'),
('8999999400583', 'MOLTO PEWANGI VIOLET 900 ML', '', 29, 42365, 51361, 0, 0, 0, 16, 5, '2019-08-28 17:00:00', '2019-08-28 17:00:00'),
('8999999400590', 'MOLTO PEWANGI VIOLET 1800ML', '', 46, 48944, 56251, 0, 0, 0, 16, 5, '2019-08-28 17:00:00', '2019-08-28 17:00:00'),
('8999999400613', 'MOLTO ULTRA BIRU 300 BTL', '', 14, 39199, 64621, 0, 0, 0, 16, 5, '2019-08-28 17:00:00', '2019-08-28 17:00:00'),
('8999999400637', 'MOLTO ULTRA PINK 300 BTL', '', 13, 46256, 66336, 0, 0, 0, 16, 5, '2019-08-28 17:00:00', '2019-09-10 03:54:23'),
('8999999400651', 'MOLTO SOFTENER FLOWER 450 ML', '', 44, 30867, 33930, 0, 0, 0, 16, 5, '2019-08-28 17:00:00', '2019-08-28 17:00:00'),
('8999999400736', 'MOLTO PEWANGI PEAC VANILA 1800', '', 39, 35967, 63165, 0, 0, 0, 16, 5, '2019-08-28 17:00:00', '2019-08-28 17:00:00'),
('8999999400743', 'MOLTO PW PEACH & VANILLA 900ML', '', 37, 13292, 18600, 0, 0, 0, 16, 5, '2019-08-28 17:00:00', '2019-08-28 17:00:00'),
('8999999400798', 'MOLTO ULTRA BLUE SCT', '', 11, 42608, 44236, 0, 0, 0, 16, 5, '2019-08-28 17:00:00', '2019-08-28 17:00:00'),
('8999999400804', 'MOLTO ULTRA PINK SCT', '', 32, 11704, 25164, 0, 0, 0, 16, 5, '2019-08-28 17:00:00', '2019-08-28 17:00:00'),
('8999999400811', 'MOLTO ULTRA BLUE REFF 300ML', '', 12, 17465, 49199, 0, 0, 0, 16, 5, '2019-08-28 17:00:00', '2019-08-28 17:00:00'),
('8999999400828', 'MOLTO ULTRA PINK 300ML RFL', '', 19, 33560, 61432, 0, 0, 0, 16, 5, '2019-08-28 17:00:00', '2019-08-28 17:00:00'),
('8999999400897', 'SUNLIGHT ACTIVE GEL 200 ML', '', 37, 38509, 52758, 0, 0, 0, 16, 5, '2019-08-28 17:00:00', '2019-08-28 17:00:00'),
('8999999400903', 'MOLTO FLORAL BLISS REFF 450 ML', '', 36, 27744, 39586, 0, 0, 0, 16, 5, '2019-08-28 17:00:00', '2019-08-28 17:00:00'),
('8999999400910', 'MOLTO FLORAL BLISS 6 S', '', 22, 33021, 66509, 0, 0, 0, 16, 5, '2019-08-28 17:00:00', '2019-08-28 17:00:00'),
('8999999400958', 'MOLTO PEWANGI FLO BLISS 900ML', '', 36, 38831, 44093, 0, 0, 0, 16, 5, '2019-08-28 17:00:00', '2019-08-28 17:00:00'),
('8999999400965', 'MOLTO PEWANGI FRUITY 900 R', '', 17, 15648, 33165, 0, 0, 0, 16, 5, '2019-08-28 17:00:00', '2019-08-28 17:00:00'),
('8999999401023', 'MOLTO PEWANGI FLOWER SHOWER900', '', 48, 46384, 48995, 0, 0, 0, 16, 5, '2019-08-28 17:00:00', '2019-08-28 17:00:00'),
('8999999401054', 'MOLTO TRIKA FLOWER 450 RF', '', 49, 19083, 45240, 0, 0, 0, 16, 5, '2019-08-28 17:00:00', '2019-08-28 17:00:00'),
('8999999401078', 'RINSO MOLTO ULTRA 800', '', 30, 19565, 45555, 0, 0, 0, 16, 5, '2019-08-28 17:00:00', '2019-08-28 17:00:00'),
('8999999401122', 'MOLTO ULTRA SB 6 S', '', 38, 25708, 42615, 0, 0, 0, 16, 5, '2019-08-28 17:00:00', '2019-08-28 17:00:00'),
('8999999401139', 'MOLTO ULTRA SEKALI BILAS 300', '', 49, 35621, 58743, 0, 0, 0, 16, 5, '2019-08-28 17:00:00', '2019-08-28 17:00:00'),
('8999999401146', 'MOLTO ULTRA MORNING FRES 300', '', 20, 16654, 21856, 0, 0, 0, 16, 5, '2019-08-28 17:00:00', '2019-08-28 17:00:00'),
('8999999401160', 'MOLTO ULTRA SB GREEN 300 ML', '', 33, 31193, 53703, 0, 0, 0, 16, 5, '2019-08-28 17:00:00', '2019-08-28 17:00:00'),
('8999999401177', 'MOLTO ULTRA SB 300 BTL', '', 42, 19642, 52187, 0, 0, 0, 16, 5, '2019-08-28 17:00:00', '2019-08-28 17:00:00'),
('8999999401221', 'RINSO ANTI NODA 450', '', 28, 29428, 62677, 0, 0, 0, 16, 5, '2019-08-28 17:00:00', '2019-08-28 17:00:00'),
('8999999401238', 'RINSO ANTI NODA 900', '', 36, 32087, 39883, 0, 0, 0, 16, 5, '2019-08-28 17:00:00', '2019-08-28 17:00:00'),
('8999999401252', 'RINSO ANTI NODA 2K', '', 38, 10706, 16600, 0, 0, 0, 16, 5, '2019-08-28 17:00:00', '2019-08-28 17:00:00'),
('8999999401313', 'SURF CLEAN FRESH 900 G', '', 33, 48655, 55202, 0, 0, 0, 16, 5, '2019-08-28 17:00:00', '2019-08-28 17:00:00'),
('8999999401320', 'SURF LIME FRESH 900 G', '', 46, 33454, 46579, 0, 0, 0, 16, 5, '2019-08-28 17:00:00', '2019-08-28 17:00:00'),
('8999999402495', 'MOLTO ALOE VERA 900ML', '', 18, 41738, 44243, 0, 0, 0, 16, 5, '2019-08-28 17:00:00', '2019-08-28 17:00:00'),
('8999999402501', 'MOLTO SOFTENER ALUE VERA 1800M', '', 26, 47438, 49434, 0, 0, 0, 16, 5, '2019-08-28 17:00:00', '2019-08-28 17:00:00'),
('8999999402815', 'MOLTO PEWANGI LAVENDER SCT', '', 40, 12407, 52992, 0, 0, 0, 16, 5, '2019-08-28 17:00:00', '2019-08-28 17:00:00'),
('8999999403096', 'MOLTO SOFT BLUE 450ML', '', 29, 22126, 40651, 0, 0, 0, 16, 5, '2019-08-28 17:00:00', '2019-08-28 17:00:00'),
('8999999403102', 'MOLTO SOFT SPRING BLUE 500ML', '', 15, 48787, 54663, 0, 0, 0, 16, 5, '2019-08-28 17:00:00', '2019-08-28 17:00:00'),
('8999999403119', 'MOLTO SOFTENER BLUE 900ML', '', 16, 44133, 46323, 0, 0, 0, 16, 5, '2019-08-28 17:00:00', '2019-08-28 17:00:00'),
('8999999403126', 'MOLTO SOFT SPRING BLUE 1000ML', '', 16, 41981, 61205, 0, 0, 0, 16, 5, '2019-08-28 17:00:00', '2019-08-28 17:00:00'),
('8999999403164', 'MOLTO SOFT BLOSSOM PINK 450ML', '', 28, 30000, 40000, 0, 0, 0, 16, 5, '2019-08-28 17:00:00', '2019-10-10 11:45:53'),
('8999999403188', 'MOLTO SOFTENER PINK 900M', '', 45, 29252, 36895, 0, 0, 0, 16, 5, '2019-08-28 17:00:00', '2019-08-28 17:00:00'),
('8999999403195', 'MOLTO SOFT PINK 1000ML', '', 35, 33037, 53012, 0, 0, 0, 16, 5, '2019-08-28 17:00:00', '2019-08-28 17:00:00'),
('8999999403225', 'MOLTO SOFT VIOLET 450ML', '', 21, 17200, 50993, 0, 0, 0, 16, 5, '2019-08-28 17:00:00', '2019-08-28 17:00:00'),
('8999999403256', 'MOLTO SOFT VIOLET 1000ML', '', 26, 41909, 45711, 0, 0, 0, 16, 5, '2019-08-28 17:00:00', '2019-08-28 17:00:00'),
('8999999403287', 'MOLTO SOFT GREEN 450ML', '', 10, 46212, 65221, 0, 0, 0, 16, 5, '2019-08-28 17:00:00', '2019-08-28 17:00:00'),
('8999999403300', 'MOLTO SOFTENER GREEN 900ML', '', 38, 28360, 67069, 0, 0, 0, 16, 5, '2019-08-28 17:00:00', '2019-08-28 17:00:00'),
('8999999403317', 'MOLTO SOFT GREEN 1000ML', '', 30, 10975, 42852, 0, 0, 0, 16, 5, '2019-08-28 17:00:00', '2019-08-28 17:00:00'),
('8999999403331', 'MOLTO SOFT PINK 1800 ML', '', 33, 17632, 34012, 0, 0, 0, 16, 5, '2019-08-28 17:00:00', '2019-08-28 17:00:00'),
('8999999403348', 'MOLTO SOFT BLUE 1800 ML', '', 24, 37327, 48991, 0, 0, 0, 16, 5, '2019-08-28 17:00:00', '2019-08-28 17:00:00'),
('8999999403423', 'MOLTO PEWANGI PINK 1800ML', '', 35, 36594, 50644, 0, 0, 0, 16, 5, '2019-08-28 17:00:00', '2019-08-28 17:00:00'),
('8999999403430', 'MOLTO PEWANGI LAVENDER 1800ML', '', 39, 29480, 33089, 0, 0, 0, 16, 5, '2019-08-28 17:00:00', '2019-08-28 17:00:00'),
('8999999403478', 'MOLTO PEWANGI MANGO 900ML RFL', '', 16, 44725, 57396, 0, 0, 0, 16, 5, '2019-08-28 17:00:00', '2019-08-28 17:00:00'),
('8999999403492', 'MOLTO SOFT PURE 450ML', '', 18, 42346, 44565, 0, 0, 0, 16, 5, '2019-08-28 17:00:00', '2019-08-28 17:00:00'),
('8999999403508', 'MOLTO SOFT PURE 900ML', '', 44, 37304, 63308, 0, 0, 0, 16, 5, '2019-08-28 17:00:00', '2020-02-07 18:45:53'),
('8999999403522', 'MOLTO SOFTENER PURE 1800ML', '', 10, 42567, 62528, 0, 0, 0, 16, 5, '2019-08-28 17:00:00', '2019-08-28 17:00:00'),
('8999999403539', 'MOLTO PEWANGI MANGO 1800ML', '', 36, 30720, 52314, 0, 0, 0, 16, 5, '2019-08-28 17:00:00', '2019-08-28 17:00:00'),
('8999999403546', 'MOLTO ESSENCE 250ML', '', 18, 43994, 58992, 0, 0, 0, 16, 5, '2019-08-28 17:00:00', '2019-08-28 17:00:00'),
('8999999403553', 'MOLTO ESSENCE 300ML', '', 30, 48270, 54163, 0, 0, 0, 16, 5, '2019-08-28 17:00:00', '2019-08-28 17:00:00'),
('8999999403591', 'MOLTO SOFT S BLUE 900ML RFL', '', 42, 42325, 59453, 0, 0, 0, 16, 5, '2019-08-28 17:00:00', '2019-08-28 17:00:00'),
('8999999403652', 'MOLTO TRIKA AROMATERAPI 25ML', '', 33, 40824, 58879, 0, 0, 0, 16, 5, '2019-08-28 17:00:00', '2019-08-28 17:00:00'),
('8999999403669', 'TRIKA AROMATHERAPY 300ML PUMP', '', 42, 34636, 42653, 0, 0, 0, 16, 5, '2019-08-28 17:00:00', '2019-08-28 17:00:00'),
('8999999403836', 'MOLTO TRIKA SPRING BLUE 450ML', '', 47, 17369, 38965, 0, 0, 0, 16, 5, '2019-08-28 17:00:00', '2019-08-28 17:00:00'),
('8999999403843', 'MOLTO TRIKA SPRING BLUE 500ML', '', 15, 24413, 61244, 0, 0, 0, 16, 5, '2019-08-28 17:00:00', '2020-02-07 18:45:53'),
('8999999403850', 'MOLTO SILKY 450R', '', 27, 26093, 37144, 0, 0, 0, 16, 5, '2019-08-28 17:00:00', '2019-08-28 17:00:00'),
('8999999403867', 'MOLTO SILKY FINE WASH 500ML', '', 48, 40427, 68180, 0, 0, 0, 16, 5, '2019-08-28 17:00:00', '2019-08-28 17:00:00'),
('8999999406219', 'DOMESTOS NOMOS 6X5 PSG', '', 18, 27288, 51571, 0, 0, 0, 16, 5, '2019-08-28 17:00:00', '2019-08-28 17:00:00'),
('8999999406233', 'DOMESTOS NOMOS LAVENDER 5PSG', '', 24, 46975, 48745, 0, 0, 0, 16, 5, '2019-08-28 17:00:00', '2019-08-28 17:00:00'),
('8999999406240', 'DOMESTOS NOMOS LAVENDER', '', 46, 18074, 27867, 0, 0, 0, 16, 5, '2019-08-28 17:00:00', '2019-08-28 17:00:00'),
('8999999406912', 'SUPER PELL ROSE 800R', '', 47, 29037, 36890, 0, 0, 0, 16, 5, '2019-08-28 17:00:00', '2019-08-28 17:00:00'),
('8999999406929', 'SUNLIGHT SUPERPELL APPLE 800ML', '', 18, 33791, 35371, 0, 0, 0, 16, 5, '2019-08-28 17:00:00', '2019-08-28 17:00:00'),
('8999999406936', 'SUNLIGHT SUPERPELL LEMON 400M', '', 38, 42529, 56600, 0, 0, 0, 16, 5, '2019-08-28 17:00:00', '2019-08-28 17:00:00'),
('8999999406943', 'SUNLIGHT SUPERPELL YELLOW 800M', '', 34, 45159, 55994, 0, 0, 0, 16, 5, '2019-08-28 17:00:00', '2019-08-28 17:00:00'),
('8999999406950', 'SUNLIGHT SUPERPELL APPLE 400M', '', 45, 48808, 55207, 0, 0, 0, 16, 5, '2019-08-28 17:00:00', '2019-08-28 17:00:00'),
('8999999406974', 'SUNLIGHT SUPERPELL GREEN 800M', '', 36, 38941, 55754, 0, 0, 0, 16, 5, '2019-08-28 17:00:00', '2019-08-28 17:00:00'),
('8999999406998', 'SUNLIGHT SUPERPELL PURPLE 800M', '', 18, 37173, 64353, 0, 0, 0, 16, 5, '2019-08-28 17:00:00', '2019-08-28 17:00:00'),
('8999999407001', 'SUNLIGHT SUPERPELL WHT LL 800M', '', 32, 38938, 68928, 0, 0, 0, 16, 5, '2019-08-28 17:00:00', '2019-08-28 17:00:00'),
('8999999407414', 'SUPERPELL APPLE 400ML RVL', '', 32, 27053, 35408, 0, 0, 0, 16, 5, '2019-08-28 17:00:00', '2019-08-28 17:00:00'),
('8999999407421', 'SUPER PELL APPLE 800ML-RVL', '', 15, 29820, 51802, 0, 0, 0, 16, 5, '2019-08-28 17:00:00', '2019-08-28 17:00:00'),
('8999999407438', 'SUPERPELL LTI APPLE 800ML-BTL', '', 23, 41115, 52296, 0, 0, 0, 16, 5, '2019-08-28 17:00:00', '2019-08-28 17:00:00'),
('8999999407476', 'SUPERPELL LEMON 400 ML-RVL', '', 18, 46556, 62204, 0, 0, 0, 16, 5, '2019-08-28 17:00:00', '2019-08-28 17:00:00'),
('8999999407483', 'SUPER PELL LEMON 800ML-RVL', '', 27, 27982, 40129, 0, 0, 0, 16, 5, '2019-08-28 17:00:00', '2019-08-28 17:00:00'),
('8999999407490', 'SUPERPELL LTI LEMON 800ML-BTL', '', 23, 10104, 42746, 0, 0, 0, 16, 5, '2019-08-28 17:00:00', '2020-02-07 18:45:53'),
('8999999407520', 'SUPERPELL PINE 400 ML-RVL', '', 47, 38493, 46633, 0, 0, 0, 16, 5, '2019-08-28 17:00:00', '2019-08-28 17:00:00'),
('8999999407537', 'SUPER PELL PINE 800ML-RVL', '', 39, 41033, 53478, 0, 0, 0, 16, 5, '2019-08-28 17:00:00', '2019-08-28 17:00:00'),
('8999999407544', 'SUPERPELL LTI PINE 800ML-BTL', '', 27, 12477, 39938, 0, 0, 0, 16, 5, '2019-08-28 17:00:00', '2019-08-28 17:00:00'),
('8999999407575', 'SUPERPELL FLORAL 400 ML RVL', '', 21, 14735, 19743, 0, 0, 0, 16, 5, '2019-08-28 17:00:00', '2019-08-28 17:00:00'),
('8999999407582', 'SUPER PELL FLORAL 800ML-RVL', '', 23, 13139, 21273, 0, 0, 0, 16, 5, '2019-08-28 17:00:00', '2019-08-28 17:00:00'),
('8999999407599', 'SUPERPELL LTI FLORAL 800ML-BTL', '', 27, 27308, 41638, 0, 0, 0, 16, 5, '2019-08-28 17:00:00', '2019-08-28 17:00:00'),
('8999999407629', 'SUPERPELL FRUITY 400 ML', '', 42, 24689, 65547, 0, 0, 0, 16, 5, '2019-08-28 17:00:00', '2019-08-28 17:00:00'),
('8999999407636', 'SUPER PELL FRUITY 800ML-RVL', '', 45, 28279, 45027, 0, 0, 0, 16, 5, '2019-08-28 17:00:00', '2019-08-28 17:00:00'),
('8999999407643', 'SUPERPELL LTI FRUITY 800ML-BTL', '', 37, 12334, 60962, 0, 0, 0, 16, 5, '2019-08-28 17:00:00', '2019-08-28 17:00:00'),
('8999999407841', 'DOMESTOS WIPOL LEMON 800ML BTL', '', 50, 40944, 68838, 0, 0, 0, 16, 5, '2019-08-28 17:00:00', '2019-08-28 17:00:00'),
('8999999407858', 'DOMESTOS WIPOL LEMON 800ML RFL', '', 19, 29607, 69353, 0, 0, 0, 16, 5, '2019-08-28 17:00:00', '2020-02-07 18:45:53'),
('8999999407865', 'WIPOL CLASSIC FINE 900ML BTL', '', 26, 20461, 64844, 0, 0, 0, 16, 5, '2019-08-28 17:00:00', '2019-08-28 17:00:00'),
('8999999407872', 'WIPOL CLASSIC PINE 450ML RFL', '', 14, 27499, 53744, 0, 0, 0, 16, 5, '2019-08-28 17:00:00', '2019-08-28 17:00:00'),
('8999999407889', 'DOMESTOS WIPOL CLASSIC 900M RF', '', 15, 23086, 23505, 0, 0, 0, 16, 5, '2019-08-28 17:00:00', '2019-08-28 17:00:00'),
('8999999407896', 'DOMESTOS WIPOL KARBOL 450ML', '', 42, 13876, 17214, 0, 0, 0, 16, 5, '2019-08-28 17:00:00', '2019-08-28 17:00:00'),
('8999999409708', 'DOMESTOS NOMOS JUMBO 5 PSG', '', 36, 28079, 52675, 0, 0, 0, 16, 5, '2019-08-28 17:00:00', '2019-08-28 17:00:00'),
('8999999409715', 'DOMESTOS NOMOS JUMBO 5 PSG', '', 47, 15533, 22172, 0, 0, 0, 16, 5, '2019-08-28 17:00:00', '2019-08-28 17:00:00'),
('8999999409777', 'DOMESTOS NOMOS 5 PSG', '', 12, 24352, 56081, 0, 0, 0, 16, 5, '2019-08-28 17:00:00', '2019-08-28 17:00:00'),
('8999999409784', 'DOMESTOS FRESH 500ML', '', 39, 45869, 63601, 0, 0, 0, 16, 5, '2019-08-28 17:00:00', '2019-08-28 17:00:00'),
('8999999409791', 'DOMESTOS FRESH 1000ML', '', 49, 16401, 50936, 0, 0, 0, 16, 5, '2019-08-28 17:00:00', '2019-08-28 17:00:00'),
('8999999409814', 'DOMESTOS LEMON 1000ML', '', 34, 43217, 50582, 0, 0, 0, 16, 5, '2019-08-28 17:00:00', '2019-08-28 17:00:00'),
('8999999409869', 'DOMESTOS NOMOS NYAMUK BAKAR', '', 22, 13743, 66856, 0, 0, 0, 16, 5, '2019-08-28 17:00:00', '2019-08-28 17:00:00'),
('8999999409883', 'DOMESTOS TRISOL 400ML RFL', '', 25, 49619, 49716, 0, 0, 0, 16, 5, '2019-08-28 17:00:00', '2019-08-28 17:00:00'),
('8999999409890', 'DOMESTOS TRISOL 800ML RFL', '', 40, 32099, 56403, 0, 0, 0, 16, 5, '2019-08-28 17:00:00', '2019-08-28 17:00:00'),
('8999999409906', 'DOMESTOS NOMOS JUMBO 5PSG', '', 17, 17153, 44945, 0, 0, 0, 16, 5, '2019-08-28 17:00:00', '2019-08-28 17:00:00'),
('8999999409913', 'DOMESTOS WIPOL 900ML RFL', '', 44, 26173, 64739, 0, 0, 0, 16, 5, '2019-08-28 17:00:00', '2019-08-28 17:00:00'),
('8999999409951', 'DOMESTOS NOMOS 6X5 PS', '', 10, 29921, 67689, 0, 0, 0, 16, 5, '2019-08-28 17:00:00', '2019-08-28 17:00:00'),
('8999999410032', 'DOMESTOS NOMOS JUMBO 5PSG', '', 33, 48771, 57654, 0, 0, 0, 16, 5, '2019-08-28 17:00:00', '2020-02-07 18:45:53'),
('8999999410049', 'DOMESTOS NOMOS 5 PSG', '', 43, 45576, 54553, 0, 0, 0, 16, 5, '2019-08-28 17:00:00', '2019-08-28 17:00:00'),
('8999999418205', 'HALO HANDSOAP APPLE PUMP 320M', '', 35, 47765, 58620, 0, 0, 0, 16, 5, '2019-08-28 17:00:00', '2019-08-28 17:00:00'),
('8999999418229', 'HALO HANDSOAP LEMON PUMP 320M', '', 20, 13678, 23678, 0, 0, 0, 16, 5, '2019-08-28 17:00:00', '2019-08-28 17:00:00'),
('8999999418236', 'HALO HANDSOAP STRAW PUMP 320M', '', 44, 31057, 49537, 0, 0, 0, 16, 5, '2019-08-28 17:00:00', '2019-08-28 17:00:00'),
('8999999418243', 'LIFEBUOY HANDWASH WHITE 250ML', '', 40, 31260, 38516, 0, 0, 0, 16, 5, '2019-08-28 17:00:00', '2019-08-28 17:00:00'),
('8999999418250', 'LIFEBUOY HANDWASH WHITE 320ML', '', 12, 41484, 46046, 0, 0, 0, 16, 5, '2019-08-28 17:00:00', '2019-08-28 17:00:00'),
('8999999418267', 'LIFEBUOY HANDWASH RED 250ML', '', 33, 24377, 61946, 0, 0, 0, 16, 5, '2019-08-28 17:00:00', '2019-08-28 17:00:00'),
('8999999418274', 'LIFEBUOY HANDWASH RED 320ML', '', 14, 30564, 66576, 0, 0, 0, 16, 5, '2019-08-28 17:00:00', '2019-08-28 17:00:00'),
('8999999418281', 'LIFEBOY HAND WASH MILDCARE 200', '', 12, 27868, 52717, 0, 0, 0, 16, 5, '2019-08-28 17:00:00', '2019-08-28 17:00:00'),
('8999999418311', 'LIFEBOY HAND WASH TP 200', '', 42, 16976, 21218, 0, 0, 0, 16, 5, '2019-08-28 17:00:00', '2020-02-04 11:28:08'),
('8999999418328', 'LIFEBOY HAND WASH MC 180R', '', 30, 35888, 54159, 0, 0, 0, 16, 5, '2019-08-28 17:00:00', '2019-08-28 17:00:00'),
('8999999418335', 'LIFEBOY HAND WASH TP 180R', '', 40, 18143, 24344, 0, 0, 0, 16, 5, '2019-08-28 17:00:00', '2019-08-28 17:00:00'),
('8999999510787', 'DOVE FACIAL FOAM MOIST CR 50ML', '', 22, 48134, 64609, 0, 0, 0, 16, 5, '2019-08-28 17:00:00', '2019-08-28 17:00:00'),
('8999999510794', 'DOVE FACIAL FOAM MOIST CR 100M', '', 42, 36328, 40843, 0, 0, 0, 16, 5, '2019-08-28 17:00:00', '2019-08-28 17:00:00'),
('8999999510855', 'DOVE CREAM BAR SOAP SPES SET', '', 27, 18046, 19112, 0, 0, 0, 16, 5, '2019-08-28 17:00:00', '2019-08-28 17:00:00'),
('8999999522100', 'WALLS MINI CORNETT0', '', 12, 22811, 51959, 0, 0, 0, 16, 5, '2019-08-28 17:00:00', '2019-08-28 17:00:00'),
('8999999522162', 'WALLS MOO ACTIVE', '', 48, 15502, 57621, 0, 0, 0, 16, 5, '2019-08-28 17:00:00', '2019-08-28 17:00:00'),
('8999999682026', 'HAZELIN SNOW 50 GR', '', 45, 36187, 53433, 0, 0, 0, 16, 5, '2019-08-28 17:00:00', '2019-08-28 17:00:00'),
('8999999682118', 'HAZELINE SNOW F YOUR DEL SK 30', '', 44, 13100, 45961, 0, 0, 0, 16, 5, '2019-08-28 17:00:00', '2019-08-28 17:00:00'),
('8999999682354', 'HAZELINE DEEP CLEANS GEL 120G', '', 49, 47378, 53397, 0, 0, 0, 16, 5, '2019-08-28 17:00:00', '2019-08-28 17:00:00'),
('8999999682712', 'HAZELINE WHI&NAT MOIS CR 20G', '', 42, 42098, 46608, 0, 0, 0, 16, 5, '2019-08-28 17:00:00', '2019-08-28 17:00:00'),
('8999999682729', 'HAZELIN WHIT/NATURAL 50 GR', '', 12, 41510, 53413, 0, 0, 0, 16, 5, '2019-08-28 17:00:00', '2019-08-28 17:00:00'),
('8999999700096', 'CLEAR STYLING GEL HARD 50GR', '', 26, 22732, 51749, 0, 0, 0, 16, 5, '2019-08-28 17:00:00', '2020-02-12 12:23:15'),
('8999999700171', 'SUNSILK SHAMP APPLE ESS 100M', '', 13, 14005, 20235, 0, 0, 0, 16, 5, '2019-08-28 17:00:00', '2020-02-04 11:28:08'),
('8999999700225', 'REXONA ROLL ON COOL WHT 40M', '', 29, 39762, 61808, 0, 0, 0, 16, 5, '2019-08-28 17:00:00', '2019-08-28 17:00:00'),
('8999999700317', 'BRISK HAIR CREAM DANRUF 100G', '', 49, 26694, 31811, 0, 0, 0, 16, 5, '2019-08-28 17:00:00', '2019-10-10 11:59:54'),
('8999999700355', 'BRISK BY CLEAR AD 250 GR', '', 12, 38922, 57837, 0, 0, 0, 16, 5, '2019-08-28 17:00:00', '2020-02-07 18:45:52'),
('8999999700379', 'SUNSILK SHAMP APPLE ESS 200M', '', 41, 11897, 35781, 0, 0, 0, 16, 5, '2019-08-28 17:00:00', '2020-02-12 12:23:15'),
('9786028517171', 'RUMUS-RUMUS MATEMATIKA LENGKAP', '', 110, 20000, 25000, 0, 0, 0, 22, 5, '2020-02-07 17:00:30', '2020-02-12 12:28:37'),
('BRG190830001', 'TUMBLER 200ML', '', 17, 20000, 25000, 24000, 23000, 22000, 2, 5, '2019-08-30 06:15:19', '2020-01-04 05:04:46'),
('BRG190830002', 'COCA COLA 100ML', '', 16, 3500, 4000, 0, 0, 0, 2, 5, '2019-08-30 06:16:41', '2020-01-04 04:58:17'),
('BRG190830003', 'SELIMUT SUTRA 2M', '', 28, 240000, 250000, 0, 0, 0, 16, 5, '2019-08-30 18:40:34', '2019-11-29 16:21:32'),
('BRG191004001', 'HEADSEAT SAMSUNG ORI', '', 15, 21000, 26000, 0, 0, 0, 13, 5, '2019-10-04 12:09:59', '2020-02-07 16:04:04'),
('BRG191006001', 'BENG BENG 25GR', '', 20, 1800, 2000, 1900, 1800, 0, 1, 5, '2019-10-06 06:34:32', '2020-02-13 10:37:54'),
('BRG191010001', 'KISPRAY 25ML', '', 1, 1000, 1500, 1400, 1300, 1200, 16, 5, '2019-10-10 11:05:57', '2020-02-16 14:17:50'),
('BRG200101001', 'GELAS CUP 200ML', '', 178, 4000, 4500, 4400, 0, 4200, 2, 5, '2020-01-01 04:08:22', '2020-02-17 13:16:28'),
('BRG200101002', 'KISPRAY 12ML 10PACK', '', 103, 10000, 12000, 11500, 11300, 11000, 16, 5, '2020-01-01 04:11:23', '2020-02-16 14:17:50'),
('BRG200104001', 'BUKU SIDU 58LMBR', '', 72, 1500, 2000, 0, 0, 0, 19, 5, '2020-01-04 05:41:16', '2020-02-16 05:46:21'),
('BRG200104002', 'KAOS KAKI SD', '', 10, 2000, 3500, 3300, 3200, 3000, 19, 7, '2020-01-04 05:46:21', '2020-02-13 10:38:18'),
('BRG200127001', 'TAS SLEMPANG GANTUNG SILVER', '', -4, 80000, 90000, 0, 0, 0, 16, 5, '2020-01-27 14:43:52', '2020-02-16 14:19:23'),
('BRG200130001', 'CELANA TRAINING ADIDAS', '', 6, 500000, 600000, 560000, 0, 0, 21, 5, '2020-01-30 15:29:18', '2020-02-07 15:55:07'),
('BRG200213001', 'HDMI JARING 3M', '', 30, 15000, 25000, 0, 0, 0, 23, 5, '2020-02-13 10:44:00', '2020-02-13 10:45:15');

-- --------------------------------------------------------

--
-- Struktur dari tabel `purchase`
--

CREATE TABLE `purchase` (
  `id_purchase` varchar(20) NOT NULL,
  `datetime_purchase` timestamp NOT NULL DEFAULT CURRENT_TIMESTAMP,
  `id_supplier` int(11) NOT NULL,
  `total` bigint(20) NOT NULL,
  `id_user` int(11) NOT NULL,
  `detail` text
) ENGINE=InnoDB DEFAULT CHARSET=latin1;

--
-- Dumping data untuk tabel `purchase`
--

INSERT INTO `purchase` (`id_purchase`, `datetime_purchase`, `id_supplier`, `total`, `id_user`, `detail`) VALUES
('TB0207200001', '2020-02-07 04:25:10', 1, 302000, 1, NULL),
('TB0208200001', '2020-02-07 17:06:22', 2, 200000, 1, NULL),
('TB0208200002', '2020-02-07 17:07:21', 6, 106000, 1, NULL),
('TB0208200003', '2020-02-07 18:14:40', 1, 1300000, 1, NULL),
('TB0208200004', '2020-02-07 18:15:44', 1, 1300000, 1, NULL),
('TB0208200005', '2020-02-07 18:22:51', 2, 50000, 1, NULL),
('TB0208200006', '2020-02-07 18:24:05', 2, 25000, 1, NULL),
('TB0212200001', '2020-02-12 03:12:53', 1, 10000, 1, NULL),
('TB0213200001', '2020-02-13 03:13:10', 4, 1100000, 1, NULL),
('TB0912190001', '2019-09-11 20:14:33', 2, 50, 1, NULL),
('TB0912190002', '2019-09-11 20:21:36', 2, 1476000, 1, NULL),
('TB0912190003', '2019-09-11 20:23:08', 1, 18000, 1, NULL),
('TB0912190004', '2019-09-12 03:34:50', 2, 30000, 1, NULL),
('TB0912190005', '2019-09-12 16:02:21', 1, 300000, 1, NULL),
('TB0920190001', '2019-09-20 03:53:40', 1, 300000, 1, NULL),
('TB0920190002', '2019-09-20 10:39:41', 2, 560000, 10, NULL),
('TB0921190001', '2019-09-21 01:32:19', 2, 330000, 10, NULL),
('TB1010190001', '2019-10-10 11:42:17', 1, 505000, 10, NULL),
('TB1029190001', '2019-10-29 13:26:10', 1, 4890000, 10, NULL),
('TB1030190001', '2019-10-30 15:49:13', 3, 190000, 10, NULL),
('TB1030190002', '2019-10-30 15:50:47', 3, 210000, 10, NULL),
('TB1129190001', '2019-11-29 16:21:32', 2, 960000, 10, NULL);

-- --------------------------------------------------------

--
-- Struktur dari tabel `purchase_detail`
--

CREATE TABLE `purchase_detail` (
  `id` int(11) NOT NULL,
  `id_purchase` varchar(20) NOT NULL,
  `kode_product` varchar(20) NOT NULL,
  `name_product` varchar(128) NOT NULL,
  `price` bigint(20) NOT NULL,
  `price_sale` bigint(20) NOT NULL,
  `qty` int(11) NOT NULL,
  `sub_total` bigint(20) NOT NULL
) ENGINE=InnoDB DEFAULT CHARSET=latin1;

--
-- Dumping data untuk tabel `purchase_detail`
--

INSERT INTO `purchase_detail` (`id`, `id_purchase`, `kode_product`, `name_product`, `price`, `price_sale`, `qty`, `sub_total`) VALUES
(1, 'TB0912190001', '8999908000200', 'BODREX TAB LAPIS DUA 20 TABLET', 5000, 6000, 10, 50000),
(2, 'TB0912190002', 'BRG190830003', 'SELIMUT SUTRA 2M', 240000, 250000, 6, 1440000),
(3, 'TB0912190002', 'BRG190830002', 'COCA COLA 100ML', 3000, 3500, 12, 36000),
(4, 'TB0912190003', 'BRG190830002', 'COCA COLA 100ML', 3000, 3500, 6, 18000),
(5, 'TB0912190004', '8999908000705', 'BODREXIN 20 TABLET', 6000, 7500, 5, 30000),
(6, 'TB0912190005', '8999908001603', 'VIDORAN SYRUP RS JERUK 225ML', 20000, 21000, 15, 300000),
(7, 'TB0920190001', '8999908030207', 'NATURAL HONEY HBL EXTRA 200ML', 30000, 32000, 10, 300000),
(8, 'TB0920190002', '8999908001108', 'FLUCYL SIRUP 60 ML', 18000, 20000, 20, 360000),
(9, 'TB0920190002', '8999908001801', 'VIDORAN SIRUP RASA JERUK 120', 4000, 5000, 50, 200000),
(10, 'TB0921190001', '8999908000903', 'FLUCYL 4TAB', 17000, 18000, 15, 255000),
(11, 'TB0921190001', '8999908001207', 'OBB OBAT BATUK 60ML', 3000, 3500, 25, 75000),
(12, 'TB1010190001', 'BRG190830002', 'COCA COLA 100ML', 3500, 4000, 30, 105000),
(13, 'TB1010190001', 'BRG191004001', 'HEADSEAT SAMSUNG ORI', 20000, 25000, 20, 400000),
(14, 'TB1029190001', 'BRG190830003', 'SELIMUT SUTRA 2M', 240000, 250000, 20, 4800000),
(15, 'TB1029190001', '8999908000705', 'BODREXIN 20 TABLET', 6000, 7500, 15, 90000),
(16, 'TB1030190001', '8999908000200', 'BODREX TAB LAPIS DUA 20 TABLET', 5000, 6000, 4, 20000),
(17, 'TB1030190001', '8999908000903', 'FLUCYL 4TAB', 17000, 18000, 10, 170000),
(18, 'TB1030190002', 'BRG191004001', 'HEADSEAT SAMSUNG ORI', 21000, 26000, 10, 210000),
(19, 'TB1129190001', 'BRG190830003', 'SELIMUT SUTRA 2M', 240000, 250000, 4, 960000),
(20, 'TB0207200001', 'BRG191010001', 'KISPRAY 25ML', 1000, 1500, 2, 2000),
(21, 'TB0207200001', '8999908030207', 'NATURAL HONEY HBL EXTRA 200ML', 30000, 32000, 10, 300000),
(22, 'TB0208200001', '9786028517171', 'RUMUS-RUMUS MATEMATIKA LENGKAP', 20000, 25000, 10, 200000),
(23, 'TB0208200002', 'BRG200101002', 'KISPRAY 12ML 10PACK', 10000, 12000, 7, 70000),
(24, 'TB0208200002', '8991998110111', 'CAFFINO 20GR', 1200, 1600, 30, 36000),
(25, 'TB0208200003', '8999908009807', 'MARINA MILK CLEANS 100M', 20000, 25000, 50, 1000000),
(26, 'TB0208200004', '8999908009807', 'MARINA MILK CLEANS 100M', 20000, 25000, 50, 1000000),
(27, 'TB0208200004', '8999908009906', 'MARINA FACE TONIC 100M', 30000, 35000, 10, 300000),
(28, 'TB0208200005', '8999908039309', 'OSKADON O S KEPALA 4TAB', 5000, 6000, 10, 50000),
(29, 'TB0208200006', '8999908039309', 'OSKADON O S KEPALA 4TAB', 5000, 6000, 5, 25000),
(30, 'TB0212200001', 'BRG191010001', 'KISPRAY 25ML', 1000, 1500, 10, 10000),
(31, 'TB0213200001', '8999908007803', 'PRITHO JUN.FRUIT APEL', 30000, 35000, 20, 600000),
(32, 'TB0213200001', '8999908029607', 'NATURAL HONEY HBL DRY 100ML', 50000, 55000, 10, 500000);

-- --------------------------------------------------------

--
-- Struktur dari tabel `sales`
--

CREATE TABLE `sales` (
  `invoice` varchar(20) NOT NULL,
  `datetime_sales` timestamp NOT NULL DEFAULT CURRENT_TIMESTAMP,
  `total_sales` bigint(20) NOT NULL,
  `pay_money` bigint(20) NOT NULL,
  `refund` bigint(20) NOT NULL,
  `total_qty` int(11) NOT NULL,
  `id_user` int(11) NOT NULL,
  `id_customer` varchar(10) NOT NULL DEFAULT '1'
) ENGINE=InnoDB DEFAULT CHARSET=latin1;

--
-- Dumping data untuk tabel `sales`
--

INSERT INTO `sales` (`invoice`, `datetime_sales`, `total_sales`, `pay_money`, `refund`, `total_qty`, `id_user`, `id_customer`) VALUES
('01.20.0001', '2020-01-01 01:24:33', 152994, 160000, 7006, 5, 10, '1'),
('01.20.0002', '2020-01-01 01:26:34', 212190, 220000, 7810, 5, 10, '1'),
('01.20.0003', '2020-01-01 01:31:17', 36500, 40000, 3500, 5, 10, 'P004'),
('01.20.0004', '2020-01-01 04:16:08', 56500, 60000, 3500, 5, 10, '1'),
('01.20.0005', '2020-01-04 05:04:46', 72000, 80000, 8000, 5, 10, '1'),
('01.20.0006', '2020-01-05 12:40:19', 100000, 100000, 0, 5, 10, '1'),
('01.20.0007', '2020-01-24 09:58:18', 24000, 25000, 1000, 5, 10, '1'),
('01.20.0008', '2020-01-24 10:17:46', 9000, 10000, 1000, 5, 1, '1'),
('01.20.0009', '2020-01-24 10:21:56', 56500, 60000, 3500, 5, 1, '1'),
('01.20.0010', '2020-01-24 10:23:46', 34500, 35000, 500, 5, 1, '1'),
('01.20.0011', '2020-01-24 15:42:19', 121778, 130000, 8222, 5, 10, 'P005'),
('01.20.0012', '2020-01-25 07:44:31', 42000, 50000, 8000, 5, 2, '1'),
('01.20.0013', '2020-01-27 14:44:21', 270000, 300000, 30000, 5, 1, '1'),
('01.20.0014', '2020-01-30 15:18:16', 621246, 700000, 78754, 5, 1, '1'),
('01.20.0015', '2020-01-30 15:19:12', 90000, 0, 0, 5, 1, '1'),
('01.20.0016', '2020-01-30 16:21:21', 6000, 10000, 4000, 5, 1, '1'),
('01.20.0017', '2020-01-30 16:22:04', 1600, 10000, 8400, 5, 1, '1'),
('01.20.0018', '2020-01-30 16:24:00', 52000, 60000, 8000, 5, 1, '1'),
('01.20.0019', '2020-01-31 08:01:05', 8000, 10000, 2000, 5, 1, '1'),
('02.20.0001', '2020-02-04 11:00:21', 52098, 55000, 2902, 5, 1, '1'),
('02.20.0002', '2020-02-04 11:07:43', 127598, 130000, 2402, 5, 1, '1'),
('02.20.0003', '2020-02-04 11:08:08', 4500, 5000, 500, 5, 1, '1'),
('02.20.0004', '2020-02-04 11:28:07', 88671, 100000, 11329, 5, 1, '1'),
('02.20.0005', '2020-02-04 15:12:26', 4500, 5000, 500, 5, 10, '1'),
('02.20.0006', '2020-02-04 18:39:44', 1220000, 1300000, 80000, 5, 10, '1'),
('02.20.0007', '2020-02-04 18:48:04', 329500, 330000, 500, 5, 10, '1'),
('02.20.0008', '2020-02-04 19:25:50', 164500, 165000, 500, 5, 10, '1'),
('02.20.0009', '2020-02-05 02:28:31', 2000, 2000, 0, 5, 1, '1'),
('02.20.0010', '2020-02-05 04:01:16', 13200, 15000, 1800, 5, 1, 'P006'),
('02.20.0011', '2020-02-06 05:42:08', 612000, 650000, 38000, 5, 10, '1'),
('02.20.0012', '2020-02-06 15:04:51', 65736, 70000, 4264, 5, 1, 'P006'),
('02.20.0013', '2020-02-07 04:27:50', 305000, 310000, 5000, 5, 1, '1'),
('02.20.0014', '2020-02-07 15:51:31', 12000, 15000, 3000, 5, 1, '1'),
('02.20.0015', '2020-02-07 15:53:07', 4500, 5000, 500, 5, 1, '1'),
('02.20.0016', '2020-02-07 15:55:07', 613000, 620000, 7000, 5, 1, '1'),
('02.20.0017', '2020-02-07 16:04:03', 26000, 30000, 4000, 5, 1, '1'),
('02.20.0018', '2020-02-07 16:04:19', 2000, 2000, 0, 5, 1, '1'),
('02.20.0019', '2020-02-07 16:04:46', 5000, 5000, 0, 5, 1, '1'),
('02.20.0020', '2020-02-07 16:08:56', 120000, 120000, 0, 5, 1, '1'),
('02.20.0021', '2020-02-07 16:20:51', 38411, 40000, 1589, 5, 1, '1'),
('02.20.0022', '2020-02-07 16:35:34', 8400, 10000, 1600, 5, 1, '1'),
('02.20.0023', '2020-02-07 16:36:18', 4500, 5000, 500, 5, 1, '1'),
('02.20.0024', '2020-02-07 18:45:52', 607385, 650000, 42615, 5, 1, '1'),
('02.20.0025', '2020-02-08 13:32:08', 94257, 100000, 5743, 5, 1, '1'),
('02.20.0026', '2020-02-08 17:41:17', 40682, 45000, 4318, 5, 1, '1'),
('02.20.0027', '2020-02-12 03:12:08', 16500, 17000, 500, 5, 1, '1'),
('02.20.0028', '2020-02-12 12:23:15', 87530, 100000, 12470, 5, 1, '1'),
('02.20.0029', '2020-02-12 12:24:29', 145682, 150000, 4318, 5, 1, '1'),
('02.20.0030', '2020-02-12 12:25:08', 164844, 170000, 5156, 5, 1, '1'),
('02.20.0031', '2020-02-12 12:26:15', 212682, 250000, 37318, 5, 1, '1'),
('02.20.0032', '2020-02-12 12:28:13', 111554, 120000, 8446, 5, 1, '1'),
('02.20.0033', '2020-02-12 12:28:37', 50000, 50000, 0, 5, 1, '1'),
('02.20.0034', '2020-02-12 14:42:51', 103500, 110000, 6500, 5, 1, '1'),
('02.20.0035', '2020-02-12 14:43:32', 272000, 300000, 28000, 5, 1, '1'),
('02.20.0036', '2020-02-12 14:53:05', 131511, 150000, 18489, 5, 1, '1'),
('02.20.0037', '2020-02-12 14:54:00', 75077, 80000, 4923, 5, 1, '1'),
('02.20.0038', '2020-02-12 14:54:48', 13500, 15000, 1500, 5, 1, 'P002'),
('02.20.0039', '2020-02-13 03:02:08', 18000, 20000, 2000, 5, 1, '1'),
('02.20.0040', '2020-02-13 03:24:22', 90000, 100000, 10000, 5, 1, '1'),
('02.20.0041', '2020-02-13 04:03:47', 34500, 35000, 500, 5, 1, '1'),
('02.20.0042', '2020-02-13 10:14:33', 46187, 50000, 3813, 5, 1, '1'),
('02.20.0043', '2020-02-13 10:14:59', 12000, 15000, 3000, 5, 1, '1'),
('02.20.0044', '2020-02-13 10:16:36', 129000, 130000, 1000, 5, 1, '1'),
('02.20.0045', '2020-02-13 10:23:31', 1500, 2000, 500, 5, 1, '1'),
('02.20.0046', '2020-02-13 10:25:53', 3500, 5000, 1500, 5, 1, '1'),
('02.20.0047', '2020-02-13 10:26:52', 6000, 10000, 4000, 5, 1, '1'),
('02.20.0048', '2020-02-13 10:29:00', 4500, 5000, 500, 5, 1, '1'),
('02.20.0049', '2020-02-13 10:29:25', 22000, 25000, 3000, 5, 1, '1'),
('02.20.0050', '2020-02-13 10:30:15', 55000, 55000, 0, 5, 1, '1'),
('02.20.0051', '2020-02-13 10:30:58', 56554, 60000, 3446, 5, 1, '1'),
('02.20.0052', '2020-02-13 10:32:01', 16000, 20000, 4000, 5, 1, '1'),
('02.20.0053', '2020-02-16 05:46:21', 18000, 20000, 2000, 5, 1, '1'),
('02.20.0054', '2020-02-16 06:02:47', 51682, 52000, 318, 5, 1, '1'),
('02.20.0055', '2020-02-16 14:17:50', 13500, 15000, 1500, 5, 1, '1'),
('02.20.0056', '2020-02-16 14:18:55', 120682, 125000, 4318, 5, 1, '1'),
('02.20.0057', '2020-02-16 14:19:23', 450000, 500000, 50000, 5, 1, '1'),
('02.20.0058', '2020-02-16 15:08:47', 161856, 165000, 3144, 5, 1, 'P001'),
('02.20.0059', '2020-02-17 02:22:43', 190542, 200000, 9458, 5, 1, '1'),
('02.20.0060', '2020-02-17 13:16:28', 4500, 5000, 500, 5, 1, '1'),
('09.19.0001', '2019-09-02 06:09:15', 85500, 100000, 14500, 5, 1, '1'),
('09.19.0002', '2019-09-02 06:09:47', 250000, 300000, 50000, 5, 1, '1'),
('09.19.0003', '2019-09-02 06:11:23', 48000, 50000, 2000, 5, 1, '1'),
('09.19.0004', '2019-09-02 13:22:08', 250000, 250000, 0, 5, 1, '1'),
('09.19.0005', '2019-09-02 13:23:56', 3500, 5000, 1500, 5, 1, '1'),
('09.19.0006', '2019-09-02 13:24:59', 25000, 30000, 5000, 5, 1, '1'),
('09.19.0007', '2019-09-02 13:27:26', 150000, 200000, 50000, 5, 1, '1'),
('09.19.0008', '2019-09-02 13:28:00', 7000, 10000, 3000, 5, 1, '1'),
('09.19.0009', '2019-09-02 13:33:23', 188807, 200000, 11193, 5, 1, '1'),
('09.19.0010', '2019-09-02 16:53:11', 116497, 120000, 3503, 5, 1, '1'),
('09.19.0011', '2019-09-02 17:07:08', 109694, 110000, 306, 5, 1, '1'),
('09.19.0012', '2019-09-03 02:00:04', 420152, 500000, 79848, 5, 1, '1'),
('09.19.0013', '2019-09-03 02:03:52', 97898, 100000, 2102, 5, 1, '1'),
('09.19.0014', '2019-09-03 06:44:37', 35500, 40000, 4500, 5, 1, '1'),
('09.19.0015', '2019-09-03 06:47:35', 48000, 50000, 2000, 5, 1, '1'),
('09.19.0016', '2019-09-04 12:19:01', 452360, 500000, 47640, 5, 1, '1'),
('09.19.0017', '2019-09-04 16:36:20', 241707, 0, 0, 5, 1, '1'),
('09.19.0018', '2019-09-04 16:43:17', 37000, 100000, 63000, 5, 1, '1'),
('09.19.0019', '2019-09-04 16:56:14', 429278, 500000, 70722, 5, 1, '1'),
('09.19.0020', '2019-09-10 03:54:22', 66336, 70000, 3664, 5, 1, '1'),
('09.19.0021', '2019-09-10 06:29:01', 148345, 148345, 0, 5, 1, '1'),
('09.19.0022', '2019-09-11 13:45:57', 225858, 250000, 24142, 5, 1, '1'),
('09.19.0023', '2019-09-11 17:24:15', 125000, 130000, 5000, 5, 1, '1'),
('09.19.0024', '2019-09-12 03:33:33', 57111, 60000, 2889, 5, 1, '1'),
('09.19.0025', '2019-09-20 11:27:52', 63000, 70000, 7000, 5, 10, '1'),
('09.19.0026', '2019-09-21 01:30:02', 100000, 100000, 0, 5, 10, '1'),
('09.19.0027', '2019-09-21 11:20:10', 203410, 205000, 1590, 5, 10, '1'),
('09.19.0028', '2019-09-21 11:21:23', 141267, 150000, 8733, 5, 10, '1'),
('09.19.0029', '2019-09-22 02:59:35', 234568, 240000, 5432, 5, 10, '1'),
('09.19.0030', '2019-09-22 09:43:15', 294217, 300000, 5783, 5, 10, '1'),
('09.19.0031', '2019-09-23 06:39:31', 121068, 130000, 8932, 5, 10, '1'),
('09.19.0032', '2019-09-24 04:59:51', 6200, 7000, 800, 5, 10, '1'),
('09.19.0033', '2019-09-24 13:55:42', 90000, 100000, 10000, 5, 10, '1'),
('09.19.0034', '2019-09-25 15:33:45', 184078, 200000, 15922, 5, 10, '1'),
('09.19.0035', '2019-09-26 05:14:57', 426529, 450000, 23471, 5, 10, '1'),
('09.19.0036', '2019-09-26 15:59:16', 84000, 90000, 6000, 5, 10, '1'),
('09.19.0037', '2019-09-26 17:26:28', 204084, 205000, 916, 5, 10, '1'),
('09.19.0038', '2019-09-01 05:00:00', 61512, 61512, 0, 5, 10, '1'),
('09.19.0039', '2019-09-28 01:47:22', 28000, 30000, 2000, 5, 10, '1'),
('09.19.0040', '2019-09-28 18:46:03', 244510, 250000, 5490, 5, 10, '1'),
('09.19.0041', '2019-09-29 00:12:34', 247456, 250000, 2544, 5, 10, '1'),
('09.19.0042', '2019-09-29 17:23:31', 50000, 50000, 0, 5, 10, '1'),
('09.19.0043', '2019-09-30 06:17:01', 83221, 85000, 1779, 5, 10, '1'),
('10.19.0001', '2019-09-30 17:10:48', 359541, 400000, 40459, 5, 10, '1'),
('10.19.0002', '2019-10-01 01:55:07', 86761, 100000, 13239, 5, 10, '1'),
('10.19.0003', '2019-10-01 02:20:13', 186039, 190000, 3961, 5, 10, '1'),
('10.19.0004', '2019-10-02 00:21:57', 190154, 200000, 9846, 5, 10, '1'),
('10.19.0005', '2019-10-02 00:23:48', 149000, 150000, 1000, 5, 10, '1'),
('10.19.0006', '2019-10-03 12:29:17', 100500, 110000, 9500, 5, 10, '1'),
('10.19.0007', '2019-10-03 12:44:19', 93176, 100000, 6824, 5, 10, '1'),
('10.19.0008', '2019-10-04 07:23:35', 42000, 50000, 8000, 5, 10, '1'),
('10.19.0009', '2019-10-04 09:59:28', 26000, 30000, 4000, 5, 10, '1'),
('10.19.0010', '2019-10-04 11:49:16', 9000, 10000, 1000, 5, 10, '1'),
('10.19.0011', '2019-10-04 12:12:20', 25000, 30000, 5000, 5, 10, '1'),
('10.19.0012', '2019-10-05 03:30:31', 50000, 50000, 0, 5, 10, '1'),
('10.19.0013', '2019-10-05 03:31:11', 750000, 750000, 0, 5, 10, '1'),
('10.19.0014', '2019-10-06 01:51:55', 160000, 200000, 40000, 5, 11, '1'),
('10.19.0015', '2019-10-06 02:43:46', 50000, 50000, 0, 5, 11, '1'),
('10.19.0016', '2019-10-06 06:51:55', 81000, 90000, 9000, 5, 10, '1'),
('10.19.0017', '2019-10-06 07:31:01', 50000, 50000, 0, 5, 10, '1'),
('10.19.0018', '2019-10-06 07:58:42', 6000, 10000, 4000, 5, 10, '1'),
('10.19.0019', '2019-10-06 07:59:39', 50000, 50000, 0, 5, 10, '1'),
('10.19.0020', '2019-10-06 08:06:36', 126000, 130000, 4000, 5, 11, '1'),
('10.19.0021', '2019-10-06 09:38:17', 6000, 10000, 4000, 5, 10, '1'),
('10.19.0022', '2019-10-06 09:40:49', 29000, 30000, 1000, 5, 10, '1'),
('10.19.0023', '2019-10-06 09:41:45', 165310, 170000, 4690, 5, 10, '1'),
('10.19.0024', '2019-10-06 09:52:00', 44000, 50000, 6000, 5, 10, '1'),
('10.19.0025', '2019-10-10 10:57:44', 58000, 60000, 2000, 5, 10, '1'),
('10.19.0026', '2019-10-10 10:59:36', 6000, 10000, 4000, 5, 10, '1'),
('10.19.0027', '2019-10-10 11:59:54', 67592, 70000, 2408, 5, 10, '1'),
('10.19.0028', '2019-10-10 12:13:09', 185422, 200000, 14578, 5, 10, '1'),
('10.19.0029', '2019-10-10 16:47:21', 250000, 300000, 50000, 5, 10, '1'),
('10.19.0030', '2019-10-11 06:24:59', 77000, 80000, 3000, 5, 10, '1'),
('10.19.0031', '2019-10-11 07:03:21', 234775, 250000, 15225, 5, 10, '1'),
('10.19.0032', '2019-10-13 02:10:47', 16000, 20000, 4000, 5, 10, '1'),
('10.19.0033', '2019-10-13 02:11:57', 100000, 100000, 0, 5, 10, 'P001'),
('10.19.0034', '2019-10-13 02:16:21', 15000, 20000, 5000, 5, 10, 'P002'),
('10.19.0035', '2019-10-13 02:17:36', 124000, 150000, 26000, 5, 10, 'P001'),
('10.19.0036', '2019-10-13 02:18:33', 25000, 25000, 0, 5, 10, 'P001'),
('10.19.0037', '2019-10-13 02:19:34', 25000, 25000, 0, 5, 10, 'P002'),
('10.19.0038', '2019-10-13 02:20:51', 250000, 250000, 0, 5, 10, 'P003'),
('10.19.0039', '2019-10-13 09:10:41', 274000, 280000, 6000, 5, 10, 'P002'),
('10.19.0040', '2019-10-15 04:10:41', 60000, 100000, 40000, 5, 10, '1'),
('10.19.0041', '2019-10-16 02:19:34', 25000, 30000, 5000, 5, 10, '1'),
('10.19.0042', '2019-10-16 15:50:20', 76500, 80000, 3500, 5, 10, '1'),
('10.19.0043', '2019-10-16 15:52:20', 24000, 25000, 1000, 5, 10, '1'),
('10.19.0044', '2019-10-16 15:52:44', 22500, 25000, 2500, 5, 10, '1'),
('10.19.0045', '2019-10-20 07:07:31', 138616, 140000, 1384, 5, 10, '1'),
('10.19.0046', '2019-10-25 03:49:28', 26000, 30000, 4000, 5, 11, '1'),
('10.19.0047', '2019-10-25 03:51:44', 47500, 50000, 2500, 5, 10, '1'),
('10.19.0048', '2019-10-30 15:40:48', 9400, 10000, 600, 5, 10, '1'),
('10.19.0049', '2019-10-30 15:41:47', 75000, 100000, 25000, 5, 10, '1'),
('10.19.0050', '2019-10-30 15:42:44', 25000, 25000, 0, 5, 10, '1'),
('11.19.0001', '2019-11-29 16:19:58', 100000, 100000, 0, 5, 10, '1'),
('12.19.0001', '2019-12-31 03:23:43', 62838, 65000, 2162, 5, 10, 'P003'),
('12.19.0002', '2019-12-31 14:00:20', 6500, 7000, 500, 5, 10, '1'),
('CS1709190001', '2019-08-21 04:21:13', 109571, 110000, 429, 2, 1, '1');

-- --------------------------------------------------------

--
-- Struktur dari tabel `sale_detail`
--

CREATE TABLE `sale_detail` (
  `id` int(11) NOT NULL,
  `invoice` varchar(20) NOT NULL,
  `kode_product` varchar(20) NOT NULL,
  `name_product` varchar(128) NOT NULL,
  `unit` varchar(20) NOT NULL,
  `price` bigint(20) NOT NULL,
  `price_sale` bigint(20) NOT NULL,
  `qty` int(11) NOT NULL,
  `discount` int(11) NOT NULL DEFAULT '0',
  `sub_total` bigint(20) NOT NULL
) ENGINE=InnoDB DEFAULT CHARSET=latin1;

--
-- Dumping data untuk tabel `sale_detail`
--

INSERT INTO `sale_detail` (`id`, `invoice`, `kode_product`, `name_product`, `unit`, `price`, `price_sale`, `qty`, `discount`, `sub_total`) VALUES
(1, '09.19.0001', 'BRG190830001', 'TUMBLER 200ML', '', 25000, 25000, 3, 0, 75000),
(2, '09.19.0001', 'BRG190830002', 'COCA COLA 100ML', '', 3500, 3500, 3, 0, 10500),
(3, '09.19.0002', 'BRG190830003', 'SELIMUT SUTRA 2M', '', 250000, 250000, 1, 0, 250000),
(4, '09.19.0003', 'BRG190830001', 'TUMBLER 200ML', '', 25000, 24000, 2, 1000, 48000),
(5, '09.19.0004', 'BRG190830003', 'SELIMUT SUTRA 2M', '', 250000, 250000, 1, 0, 250000),
(6, '09.19.0005', 'BRG190830002', 'COCA COLA 100ML', '', 3500, 3500, 1, 0, 3500),
(7, '09.19.0006', 'BRG190830001', 'TUMBLER 200ML', '', 25000, 25000, 1, 0, 25000),
(8, '09.19.0007', 'BRG190830001', 'TUMBLER 200ML', '', 25000, 25000, 6, 0, 150000),
(9, '09.19.0008', 'BRG190830002', 'COCA COLA 100ML', '', 3500, 3500, 2, 0, 7000),
(10, '09.19.0009', 'BRG190830001', 'TUMBLER 200ML', '', 25000, 25000, 5, 0, 125000),
(11, '09.19.0009', '8999908300607', 'HEMAVITO COFFEE CREAM 330 ML', '', 63807, 63807, 1, 0, 63807),
(12, '09.19.0010', '8999908000705', 'BODREXIN 20 TABLET', '', 53358, 53358, 1, 0, 53358),
(13, '09.19.0010', '8999908001603', 'VIDORAN SYRUP RS JERUK 225ML', '', 63139, 63139, 1, 0, 63139),
(14, '09.19.0011', '8999999191429', 'ROYCO SUP KRIM ASPARAGUS 56GR', '', 54847, 54847, 2, 0, 109694),
(15, '09.19.0012', '8999999400637', 'MOLTO ULTRA PINK 300 BTL', '', 66336, 66336, 3, 0, 199008),
(16, '09.19.0012', '8999908001108', 'FLUCYL SIRUP 60 ML', '', 57811, 57811, 2, 0, 115622),
(17, '09.19.0012', '8999908001207', 'OBB OBAT BATUK 60ML', '', 56032, 56032, 1, 0, 56032),
(18, '09.19.0012', '8999908030207', 'NATURAL HONEY HBL EXTRA 200ML', '', 49490, 49490, 1, 0, 49490),
(19, '09.19.0013', '8999908285003', 'BODREX EXTRA 25', '', 48949, 48949, 2, 0, 97898),
(20, '09.19.0014', 'BRG190830001', 'TUMBLER 200ML', '', 20000, 25000, 1, 0, 25000),
(21, '09.19.0014', 'BRG190830002', 'COCA COLA 100ML', '', 3000, 3500, 3, 0, 10500),
(22, '09.19.0015', 'BRG190830001', 'TUMBLER 200ML', '', 20000, 25000, 2, 1000, 48000),
(23, '09.19.0016', '8999908001207', 'OBB OBAT BATUK 60ML', '', 39997, 56032, 3, 0, 168096),
(24, '09.19.0016', '8999908001603', 'VIDORAN SYRUP RS JERUK 225ML', '', 19094, 63139, 1, 0, 63139),
(25, '09.19.0016', '8999908000101', 'NEO RHEUMACYL 20 TABLET', '', 300, 500, 3, 0, 1500),
(26, '09.19.0016', 'BRG190830001', 'TUMBLER 200ML', '', 20000, 25000, 1, 0, 25000),
(27, '09.19.0016', '8999908060501', 'MY BABY COLOGNE GEL PINK 100ML', '', 44147, 52605, 1, 0, 52605),
(28, '09.19.0016', '8999908079701', 'SOS PEMBERSIH LANTAI LMN 1600M', '', 16125, 36595, 1, 0, 36595),
(29, '09.19.0016', '8999908203502', 'PRITHO DOUBLE ACTION HEMAT', '', 42473, 51586, 1, 0, 51586),
(30, '09.19.0016', '8999908207609', 'MY BABY FABRIC SOFT BLUE 1800M', '', 39644, 53839, 1, 0, 53839),
(31, '09.19.0017', '8999908000705', 'BODREXIN 20 TABLET', '', 33735, 53358, 1, 0, 53358),
(32, '09.19.0017', '8999908000903', 'FLUCYL 4TAB', '', 16809, 59571, 1, 0, 59571),
(33, '09.19.0017', '8999908001603', 'VIDORAN SYRUP RS JERUK 225ML', '', 19094, 63139, 2, 0, 126278),
(34, '09.19.0017', '8999908000101', 'NEO RHEUMACYL 20 TABLET', '', 300, 500, 5, 0, 2500),
(35, '09.19.0018', 'BRG190830002', 'COCA COLA 100ML', '', 3000, 3500, 3, 0, 10500),
(36, '09.19.0018', '8999908000101', 'NEO RHEUMACYL 20 TABLET', '', 300, 500, 3, 0, 1500),
(37, '09.19.0018', 'BRG190830001', 'TUMBLER 200ML', '', 20000, 25000, 1, 0, 25000),
(38, '09.19.0019', 'BRG190830001', 'TUMBLER 200ML', '', 20000, 25000, 2, 0, 50000),
(39, '09.19.0019', 'BRG190830003', 'SELIMUT SUTRA 2M', '', 240000, 250000, 1, 0, 250000),
(40, '09.19.0019', '8999908000200', 'BODREX TAB LAPIS DUA 20 TABLET', '', 43376, 64639, 2, 0, 129278),
(41, '09.19.0020', '8999999400637', 'MOLTO ULTRA PINK 300 BTL', '', 46256, 66336, 1, 0, 66336),
(42, '09.19.0021', '8999908043306', 'MY BABY BB SHAMPOO 100M', '', 42612, 43982, 2, 0, 87964),
(43, '09.19.0021', '8999908285201', 'NOLANTA OBAT KEMBUNG', '', 47083, 60381, 1, 0, 60381),
(44, '09.19.0022', '8999908000705', 'BODREXIN 20 TABLET', '', 33735, 53358, 2, 0, 106716),
(45, '09.19.0022', '8999908000903', 'FLUCYL 4TAB', '', 16809, 59571, 2, 0, 119142),
(46, '09.19.0023', 'BRG190830001', 'TUMBLER 200ML', '', 20000, 25000, 5, 0, 125000),
(47, '09.19.0024', '8999908005304', 'VITAMIN B12 IPI 50TAB', '', 36465, 57111, 1, 0, 57111),
(48, 'CS1709190001', '8999908000903', 'FLUCYL 4TAB', 'pcs', 50000, 59571, 1, 0, 59571),
(49, 'CS1709190001', 'BRG190830001', 'TUMBLER 200ML', 'pcs', 20000, 25000, 2, 0, 50000),
(50, '09.19.0025', '8999908001603', 'VIDORAN SYRUP RS JERUK 225ML', '', 20000, 21000, 3, 0, 63000),
(51, '09.19.0026', '8999908001603', 'VIDORAN SYRUP RS JERUK 225ML', '', 20000, 21000, 5, 1000, 100000),
(52, '09.19.0027', '8999908007902', 'PRITHO JUNIOR SOFT STRAWB', '', 21331, 40682, 5, 0, 203410),
(53, '09.19.0028', '8999908030108', 'NATURAL HONEY HBL DRY 200ML', '', 12258, 14221, 3, 0, 42663),
(54, '09.19.0028', '8999908034601', 'TOTALCARE JUNIOR ORANGE 50G', '', 25529, 32868, 3, 0, 98604),
(55, '09.19.0029', '8999908008107', 'PRITHO SPESIAL', '', 41618, 47036, 3, 0, 141108),
(56, '09.19.0029', '8999908009906', 'MARINA FACE TONIC 100M', '', 46216, 46505, 1, 0, 46505),
(57, '09.19.0029', '8999908029706', 'NATURAL HONEY HBL EXTRA 100ML', '', 26443, 46955, 1, 0, 46955),
(58, '09.19.0030', '8999908029706', 'NATURAL HONEY HBL EXTRA 100ML', '', 26443, 46955, 3, 0, 140865),
(59, '09.19.0030', '8999908009807', 'MARINA MILK CLEANS 100M', '', 30377, 41221, 1, 0, 41221),
(60, '09.19.0030', '8999999192754', 'ROYCO BUMBU PELEZAT 200 ML', '', 44853, 57048, 1, 0, 57048),
(61, '09.19.0030', '8999988778860', 'LASEGAR LECI 330 ML', '', 28134, 55083, 1, 0, 55083),
(62, '09.19.0031', '8999908000200', 'BODREX TAB LAPIS DUA 20 TABLET', '', 5000, 6000, 1, 0, 6000),
(63, '09.19.0031', '8999908005007', 'VITAMIN B1 IPI 50TAB', '', 25010, 57534, 2, 0, 115068),
(64, '09.19.0032', 'BRG190830002', 'COCA COLA 100ML', '', 3000, 3100, 2, 0, 6200),
(65, '09.19.0033', '8999908034601', 'TOTALCARE JUNIOR ORANGE 50G', '', 25529, 30000, 3, 0, 90000),
(66, '09.19.0034', '8999908046604', 'REVLON FLEX SHAM NOURISH 100M', '', 36913, 67039, 2, 0, 134078),
(67, '09.19.0034', '8999908048103', 'REVLON FLEX SHAM NOURISH 200M', '', 12253, 50000, 1, 0, 50000),
(68, '09.19.0035', '8999908008503', 'PRITHO SUPER SOFT TO MEDIUM', '', 42935, 63799, 4, 0, 255196),
(69, '09.19.0035', '8999908005304', 'VITAMIN B12 IPI 50TAB', '', 36465, 57111, 3, 0, 171333),
(70, '09.19.0036', '8999908001603', 'VIDORAN SYRUP RS JERUK 225ML', '', 20000, 21000, 4, 0, 84000),
(71, '09.19.0037', '8999908040602', 'MARINA FACE POWD NATURAL 25GR', '', 30201, 35643, 4, 0, 142572),
(72, '09.19.0037', '8999908042408', 'MY BABY POWDER 50 GR', '', 28926, 30756, 2, 0, 61512),
(73, '09.19.0038', '8999908042408', 'MY BABY POWDER 50 GR', '', 28926, 30756, 2, 0, 61512),
(74, '09.19.0039', 'BRG190830002', 'COCA COLA 100ML', '', 3000, 3500, 8, 0, 28000),
(75, '09.19.0040', '8999908000200', 'BODREX TAB LAPIS DUA 20 TABLET', '', 5000, 6000, 3, 0, 18000),
(76, '09.19.0040', '8999908001603', 'VIDORAN SYRUP RS JERUK 225ML', '', 20000, 21000, 2, 0, 42000),
(77, '09.19.0040', '8999908034205', 'HEMAVITON ENERGI DRINK 150 ML', '', 21138, 30500, 3, 0, 91500),
(78, '09.19.0040', '8999908009906', 'MARINA FACE TONIC 100M', '', 46216, 46505, 2, 0, 93010),
(79, '09.19.0041', '8999908047205', 'REVLON FLEX SHP PURIFYI 350 ML', '', 35312, 43698, 2, 0, 87396),
(80, '09.19.0041', '8999908041302', 'MARINA COMPACT POWDER 03 BEIGE', '', 37798, 61819, 1, 0, 61819),
(81, '09.19.0041', '8999999396398', 'LUX BEAUT SHOW ALMOND 250M', '', 27902, 68241, 1, 0, 68241),
(82, '09.19.0041', '8999908000200', 'BODREX TAB LAPIS DUA 20 TABLET', '', 5000, 6000, 5, 0, 30000),
(83, '09.19.0042', 'BRG190830001', 'TUMBLER 200ML', '', 20000, 25000, 2, 0, 50000),
(84, '09.19.0043', '8999908000101', 'NEO RHEUMACYL 20 TABLET', '', 300, 500, 2, 0, 1000),
(85, '09.19.0043', '8999908001603', 'VIDORAN SYRUP RS JERUK 225ML', '', 20000, 21000, 2, 0, 42000),
(86, '09.19.0043', '8999908009807', 'MARINA MILK CLEANS 100M', '', 30377, 41221, 1, 1000, 40221),
(87, '10.19.0001', '8999908001603', 'VIDORAN SYRUP RS JERUK 225ML', '', 20000, 21000, 2, 0, 42000),
(88, '10.19.0001', '8999908005502', 'VITAMIN A IPI 50TAB', '', 49049, 69077, 3, 0, 207231),
(89, '10.19.0001', '8999908008008', 'PRITHO JUNIOR SOFT ORANGE', '', 18964, 55155, 2, 0, 110310),
(90, '10.19.0002', '8999908042408', 'MY BABY POWDER 50 GR', '', 28926, 30756, 1, 0, 30756),
(91, '10.19.0002', '8999908000200', 'BODREX TAB LAPIS DUA 20 TABLET', '', 5000, 6000, 1, 0, 6000),
(92, '10.19.0002', '8999908009906', 'MARINA FACE TONIC 100M', '', 46216, 46505, 1, 0, 46505),
(93, '10.19.0002', 'BRG190830002', 'COCA COLA 100ML', '', 3000, 3500, 1, 0, 3500),
(94, '10.19.0003', '8999999392581', 'LIFEBOY BODY WASH RED 100', '', 31000, 62013, 3, 0, 186039),
(95, '10.19.0004', 'BRG190830001', 'TUMBLER 200ML', '', 20000, 25000, 4, 0, 100000),
(96, '10.19.0004', '8999908040503', 'MARINA FACE POWD BEIGE 25GR', '', 14928, 45077, 2, 0, 90154),
(97, '10.19.0005', 'BRG190830001', 'TUMBLER 200ML', '', 20000, 25000, 2, 0, 50000),
(98, '10.19.0005', '8999908000705', 'BODREXIN 20 TABLET', '', 6000, 7500, 10, 0, 75000),
(99, '10.19.0005', '8999908000200', 'BODREX TAB LAPIS DUA 20 TABLET', '', 5000, 6000, 4, 0, 24000),
(100, '10.19.0006', '8999908000705', 'BODREXIN 20 TABLET', '', 6000, 7500, 2, 0, 15000),
(101, '10.19.0006', 'BRG190830002', 'COCA COLA 100ML', '', 3000, 3500, 3, 0, 10500),
(102, '10.19.0006', 'BRG190830001', 'TUMBLER 200ML', '', 20000, 25000, 3, 0, 75000),
(103, '10.19.0007', '8999908029706', 'NATURAL HONEY HBL EXTRA 100ML', '', 26443, 46955, 1, 0, 46955),
(104, '10.19.0007', '8999908030108', 'NATURAL HONEY HBL DRY 200ML', '', 12258, 14221, 1, 0, 14221),
(105, '10.19.0007', '8999908030207', 'NATURAL HONEY HBL EXTRA 200ML', '', 30000, 32000, 1, 0, 32000),
(106, '10.19.0008', 'BRG190830002', 'COCA COLA 100ML', '', 3000, 3500, 12, 0, 42000),
(107, '10.19.0009', 'BRG190830001', 'TUMBLER 200ML', '', 20000, 25000, 1, 0, 25000),
(108, '10.19.0009', '8999908000101', 'NEO RHEUMACYL 20 TABLET', '', 300, 500, 2, 0, 1000),
(109, '10.19.0010', 'BRG190830002', 'COCA COLA 100ML', '', 3000, 3500, 2, 0, 7000),
(110, '10.19.0010', '8999908000101', 'NEO RHEUMACYL 20 TABLET', '', 300, 500, 4, 0, 2000),
(111, '10.19.0011', 'BRG191004001', 'HEADSEAT SAMSUNG ORI', '', 20000, 25000, 1, 0, 25000),
(112, '10.19.0012', 'BRG191004001', 'HEADSEAT SAMSUNG ORI', '', 20000, 25000, 2, 0, 50000),
(113, '10.19.0013', 'BRG190830003', 'SELIMUT SUTRA 2M', '', 240000, 250000, 3, 0, 750000),
(114, '10.19.0014', '8999908009401', 'CLAUDIA BEAUTY PINK 80G', '', 16006, 20000, 8, 0, 160000),
(115, '10.19.0015', 'BRG191004001', 'HEADSEAT SAMSUNG ORI', '', 20000, 25000, 2, 0, 50000),
(116, '10.19.0016', 'BRG191006001', 'BENG BENG 25GR', '', 1800, 2000, 3, 0, 6000),
(117, '10.19.0016', 'BRG191004001', 'HEADSEAT SAMSUNG ORI', '', 20000, 25000, 1, 0, 25000),
(118, '10.19.0016', 'BRG190830001', 'TUMBLER 200ML', '', 20000, 25000, 2, 0, 50000),
(119, '10.19.0017', 'BRG191004001', 'HEADSEAT SAMSUNG ORI', '', 20000, 25000, 2, 0, 50000),
(120, '10.19.0018', 'BRG191006001', 'BENG BENG 25GR', '', 1800, 2000, 3, 0, 6000),
(121, '10.19.0019', 'BRG190830001', 'TUMBLER 200ML', '', 20000, 25000, 2, 0, 50000),
(122, '10.19.0020', '8999908000903', 'FLUCYL 4TAB', '', 17000, 18000, 7, 0, 126000),
(123, '10.19.0021', '8991998110111', 'CAFFINO 20GR', '', 1100, 1500, 4, 0, 6000),
(124, '10.19.0022', '8999908000705', 'BODREXIN 20 TABLET', '', 6000, 7500, 2, 0, 15000),
(125, '10.19.0022', '8999908000200', 'BODREX TAB LAPIS DUA 20 TABLET', '', 5000, 6000, 1, 0, 6000),
(126, '10.19.0022', 'BRG190830002', 'COCA COLA 100ML', '', 3500, 4000, 2, 0, 8000),
(127, '10.19.0023', '8999908000101', 'NEO RHEUMACYL 20 TABLET', '', 300, 500, 2, 0, 1000),
(128, '10.19.0023', '8999908000903', 'FLUCYL 4TAB', '', 17000, 18000, 3, 0, 54000),
(129, '10.19.0023', '8999908008008', 'PRITHO JUNIOR SOFT ORANGE', '', 18964, 55155, 2, 0, 110310),
(130, '10.19.0024', 'BRG191004001', 'HEADSEAT SAMSUNG ORI', '', 20000, 22000, 2, 0, 44000),
(131, '10.19.0025', 'BRG191004001', 'HEADSEAT SAMSUNG ORI', '', 20000, 25000, 2, 0, 50000),
(132, '10.19.0025', 'BRG191006001', 'BENG BENG 25GR', '', 1800, 2000, 4, 0, 8000),
(133, '10.19.0026', '8991998110111', 'CAFFINO 20GR', '', 1100, 1500, 4, 0, 6000),
(134, '10.19.0027', '8999999700379', 'SUNSILK SHAMP APPLE ESS 200M', '', 11897, 35781, 1, 0, 35781),
(135, '10.19.0027', '8999999700317', 'BRISK HAIR CREAM DANRUF 100G', '', 26694, 31811, 1, 0, 31811),
(136, '10.19.0028', '8999908000200', 'BODREX TAB LAPIS DUA 20 TABLET', '', 5000, 6000, 3, 0, 18000),
(137, '10.19.0028', '8999908029607', 'NATURAL HONEY HBL DRY 100ML', '', 34293, 55249, 2, 0, 110498),
(138, '10.19.0028', '8999908031303', 'CHARLIE DEO STICK ORIGIN 40G', '', 23586, 28462, 2, 0, 56924),
(139, '10.19.0029', 'BRG190830003', 'SELIMUT SUTRA 2M', '', 240000, 250000, 1, 0, 250000),
(140, '10.19.0030', 'BRG190830001', 'TUMBLER 200ML', '', 20000, 25000, 3, 0, 75000),
(141, '10.19.0030', '8999908000101', 'NEO RHEUMACYL 20 TABLET', '', 300, 500, 4, 0, 2000),
(142, '10.19.0031', '8999908029706', 'NATURAL HONEY HBL EXTRA 100ML', '', 26443, 46955, 5, 0, 234775),
(143, '10.19.0032', 'BRG190830002', 'COCA COLA 100ML', '', 3500, 4000, 4, 0, 16000),
(144, '10.19.0033', 'BRG190830001', 'TUMBLER 200ML', '', 20000, 25000, 4, 0, 100000),
(145, '10.19.0034', 'BRG191010001', 'KISPRAY 25ML', '', 1000, 1500, 10, 0, 15000),
(146, '10.19.0035', 'BRG190830001', 'TUMBLER 200ML', '', 20000, 25000, 4, 0, 100000),
(147, '10.19.0035', 'BRG191006001', 'BENG BENG 25GR', '', 1800, 2000, 12, 0, 24000),
(148, '10.19.0036', 'BRG191004001', 'HEADSEAT SAMSUNG ORI', '', 20000, 25000, 1, 0, 25000),
(149, '10.19.0037', 'BRG190830001', 'TUMBLER 200ML', '', 20000, 25000, 1, 0, 25000),
(150, '10.19.0038', 'BRG190830003', 'SELIMUT SUTRA 2M', '', 240000, 250000, 1, 0, 250000),
(151, '10.19.0039', '8999908000200', 'BODREX TAB LAPIS DUA 20 TABLET', '', 5000, 6000, 4, 0, 24000),
(152, '10.19.0039', 'BRG190830003', 'SELIMUT SUTRA 2M', '', 240000, 250000, 1, 0, 250000),
(153, '10.19.0040', 'BRG191004001', 'HEADSEAT SAMSUNG ORI', '', 20000, 25000, 2, 0, 50000),
(154, '10.19.0040', 'BRG191006001', 'BENG BENG 25GR', '', 1800, 2000, 5, 0, 10000),
(155, '10.19.0041', 'BRG191004001', 'HEADSEAT SAMSUNG ORI', '', 20000, 25000, 1, 0, 25000),
(156, '10.19.0042', 'BRG191010001', 'KISPRAY 25ML', '', 1000, 1500, 1, 0, 1500),
(157, '10.19.0042', 'BRG190830001', 'TUMBLER 200ML', '', 20000, 25000, 3, 0, 75000),
(158, '10.19.0043', '8999908000200', 'BODREX TAB LAPIS DUA 20 TABLET', '', 5000, 6000, 4, 0, 24000),
(159, '10.19.0044', '8999908000705', 'BODREXIN 20 TABLET', '', 6000, 7500, 3, 0, 22500),
(160, '10.19.0045', '8999908009807', 'MARINA MILK CLEANS 100M', '', 30377, 35000, 2, 0, 70000),
(161, '10.19.0045', '8999908286109', 'HEMAFITON ENERGY RASA ANGGUR', '', 30981, 68616, 1, 0, 68616),
(162, '10.19.0046', '8999908000200', 'BODREX TAB LAPIS DUA 20 TABLET', '', 5000, 6000, 2, 0, 12000),
(163, '10.19.0046', '8999908000705', 'BODREXIN 20 TABLET', '', 6000, 7000, 2, 0, 14000),
(164, '10.19.0047', 'BRG190830002', 'COCA COLA 100ML', '', 3500, 4000, 10, 0, 40000),
(165, '10.19.0047', 'BRG191010001', 'KISPRAY 25ML', '', 1000, 1500, 5, 0, 7500),
(166, '10.19.0048', '8991998110111', 'CAFFINO 20GR', '', 1200, 1600, 4, 0, 6400),
(167, '10.19.0048', 'BRG191010001', 'KISPRAY 25ML', '', 1000, 1500, 2, 0, 3000),
(168, '10.19.0049', 'BRG191004001', 'HEADSEAT SAMSUNG ORI', '', 20000, 25000, 3, 0, 75000),
(169, '10.19.0050', 'BRG191004001', 'HEADSEAT SAMSUNG ORI', '', 20000, 25000, 1, 0, 25000),
(170, '11.19.0001', '8999908007902', 'PRITHO JUNIOR SOFT STRAWB', '', 21331, 50000, 2, 0, 100000),
(171, '12.19.0001', '8999908010001', 'MARINA ASTRINGENT 100M', '', 19968, 31419, 2, 0, 62838),
(172, '12.19.0002', 'BRG191010001', 'KISPRAY 25ML', '', 1000, 1300, 5, 0, 6500),
(173, '01.20.0001', '8999908006509', 'F N ORANGE 330 ML', '', 18332, 22224, 2, 0, 44448),
(174, '01.20.0001', '8999908009302', 'CLAUDIA BEAUTY WHITE 80G', '', 42131, 54273, 2, 0, 108546),
(175, '01.20.0002', '8999908009807', 'MARINA MILK CLEANS 100M', '', 30377, 41221, 2, 0, 82442),
(176, '01.20.0002', '8999908029706', 'NATURAL HONEY HBL EXTRA 100ML', '', 26443, 46955, 1, 0, 46955),
(177, '01.20.0002', '8999908032102', 'REVLON ZP11 MENTHOL SHP AK 200', '', 22679, 59452, 1, 0, 59452),
(178, '01.20.0002', '8999908039309', 'OSKADON O S KEPALA 4TAB', '', 17580, 23341, 1, 0, 23341),
(179, '01.20.0003', '8999908000705', 'BODREXIN 20 TABLET', '', 6000, 7300, 5, 0, 36500),
(180, '01.20.0004', 'BRG200101002', 'KISPRAY 12ML 10PACK', '', 10000, 11300, 5, 0, 56500),
(181, '01.20.0005', 'BRG190830001', 'TUMBLER 200ML', '', 20000, 24000, 3, 0, 72000),
(182, '01.20.0006', '8999908006400', 'F N COFFEE CREAM 330ML', '', 13058, 20000, 5, 0, 100000),
(183, '01.20.0007', 'BRG200101002', 'KISPRAY 12ML 10PACK', '', 10000, 12000, 2, 0, 24000),
(184, '01.20.0008', 'BRG191006001', 'BENG BENG 25GR', '', 1800, 1800, 5, 0, 9000),
(185, '01.20.0009', 'BRG200101002', 'KISPRAY 12ML 10PACK', '', 10000, 11300, 5, 0, 56500),
(186, '01.20.0010', 'BRG200101002', 'KISPRAY 12ML 10PACK', '', 10000, 11500, 3, 0, 34500),
(187, '01.20.0011', '8999908040701', 'MARINA FACE POWD IVORY 40GR', '', 47011, 60889, 2, 0, 121778),
(188, '01.20.0012', 'BRG200101001', 'GELAS CUP 200ML', '', 4000, 4200, 10, 0, 42000),
(189, '01.20.0013', 'BRG200127001', 'TAS SLEMPANG GANTUNG SILVER', '', 80000, 90000, 3, 0, 270000),
(190, '01.20.0014', '8999908006509', 'F N ORANGE 330 ML', '', 18332, 22224, 2, 0, 44448),
(191, '01.20.0014', '8999908006608', 'F N STRAWB 330 ML', '', 42277, 63399, 2, 0, 126798),
(192, '01.20.0014', '8999908034908', 'TOTAL CARE COOL MINT 100ML', '', 34021, 45000, 10, 0, 450000),
(193, '01.20.0015', 'BRG200127001', 'TAS SLEMPANG GANTUNG SILVER', '', 80000, 90000, 1, 0, 90000),
(194, '01.20.0016', 'BRG200101001', 'GELAS CUP 200ML', '', 4000, 4500, 1, 0, 4500),
(195, '01.20.0016', 'BRG191010001', 'KISPRAY 25ML', '', 1000, 1500, 1, 0, 1500),
(196, '01.20.0017', '8991998110111', 'CAFFINO 20GR', '', 1200, 1600, 1, 0, 1600),
(197, '01.20.0018', 'BRG191004001', 'HEADSEAT SAMSUNG ORI', '', 21000, 26000, 2, 0, 52000),
(198, '01.20.0019', 'BRG200104001', 'BUKU SIDU 58LMBR', '', 1500, 2000, 4, 0, 8000),
(199, '02.20.0001', 'BRG191004001', 'HEADSEAT SAMSUNG ORI', '', 21000, 26000, 1, 0, 26000),
(200, '02.20.0001', '8991998110111', 'CAFFINO 20GR', '', 1200, 1500, 3, 0, 4500),
(201, '02.20.0001', '8999999275501', 'WALLS TWISTER SABER 75', '', 10738, 21598, 1, 0, 21598),
(202, '02.20.0002', '8999908008503', 'PRITHO SUPER SOFT TO MEDIUM', '', 42935, 63799, 2, 0, 127598),
(203, '02.20.0003', '8991998110111', 'CAFFINO 20GR', '', 1200, 1500, 3, 0, 4500),
(204, '02.20.0004', 'BRG191004001', 'HEADSEAT SAMSUNG ORI', '', 21000, 26000, 1, 0, 26000),
(205, '02.20.0004', '8999999700171', 'SUNSILK SHAMP APPLE ESS 100M', '', 14005, 20235, 1, 0, 20235),
(206, '02.20.0004', '8999999418311', 'LIFEBOY HAND WASH TP 200', '', 16976, 21218, 2, 0, 42436),
(207, '02.20.0005', 'BRG200101001', 'GELAS CUP 200ML', '', 4000, 4500, 1, 0, 4500),
(208, '02.20.0006', 'BRG200130001', 'CELANA TRAINING ADIDAS', '', 500000, 600000, 2, 0, 1200000),
(209, '02.20.0006', 'BRG200104001', 'BUKU SIDU 58LMBR', '', 1500, 2000, 10, 0, 20000),
(210, '02.20.0007', 'BRG200104002', 'KAOS KAKI SD', '', 2000, 3000, 100, 0, 300000),
(211, '02.20.0007', 'BRG200104001', 'BUKU SIDU 58LMBR', '', 1500, 2000, 11, 0, 22000),
(212, '02.20.0007', '8999908000705', 'BODREXIN 20 TABLET', '', 6000, 7500, 1, 0, 7500),
(213, '02.20.0008', 'BRG200127001', 'TAS SLEMPANG GANTUNG SILVER', '', 80000, 90000, 2, 10000, 160000),
(214, '02.20.0008', 'BRG200101001', 'GELAS CUP 200ML', '', 4000, 4500, 1, 0, 4500),
(215, '02.20.0009', 'BRG191006001', 'BENG BENG 25GR', '', 1800, 2000, 1, 0, 2000),
(216, '02.20.0010', 'BRG200101001', 'GELAS CUP 200ML', '', 4000, 4400, 3, 0, 13200),
(217, '02.20.0011', 'BRG200101002', 'KISPRAY 12ML 10PACK', '', 10000, 12000, 1, 0, 12000),
(218, '02.20.0011', 'BRG200130001', 'CELANA TRAINING ADIDAS', '', 500000, 600000, 1, 0, 600000),
(219, '02.20.0012', '8999908034601', 'TOTALCARE JUNIOR ORANGE 50G', '', 25529, 32868, 2, 0, 65736),
(220, '02.20.0013', '8999908030207', 'NATURAL HONEY HBL EXTRA 200ML', '', 30000, 30500, 10, 0, 305000),
(221, '02.20.0014', 'BRG200101002', 'KISPRAY 12ML 10PACK', '', 10000, 12000, 1, 0, 12000),
(222, '02.20.0015', '8991998110111', 'CAFFINO 20GR', '', 1200, 1500, 3, 0, 4500),
(223, '02.20.0016', 'BRG200130001', 'CELANA TRAINING ADIDAS', '', 500000, 600000, 1, 0, 600000),
(224, '02.20.0016', '8991998110111', 'CAFFINO 20GR', '', 1200, 1300, 10, 0, 13000),
(225, '02.20.0017', 'BRG191004001', 'HEADSEAT SAMSUNG ORI', '', 21000, 26000, 1, 0, 26000),
(226, '02.20.0018', 'BRG191006001', 'BENG BENG 25GR', '', 1800, 2000, 1, 0, 2000),
(227, '02.20.0019', '8999908001801', 'VIDORAN SIRUP RASA JERUK 120', '', 4000, 5000, 1, 0, 5000),
(228, '02.20.0020', '8999908041302', 'MARINA COMPACT POWDER 03 BEIGE', '', 37798, 40000, 3, 0, 120000),
(229, '02.20.0021', '8999908008305', 'PRITHO DOUBLE ACTION', '', 28483, 38411, 1, 0, 38411),
(230, '02.20.0022', '8991998110111', 'CAFFINO 20GR', '', 1200, 1400, 6, 0, 8400),
(231, '02.20.0023', '8991998110111', 'CAFFINO 20GR', '', 1200, 1500, 3, 0, 4500),
(232, '02.20.0024', 'BRG191010001', 'KISPRAY 25ML', '', 1000, 1500, 1, 0, 1500),
(233, '02.20.0024', '8999908006400', 'F N COFFEE CREAM 330ML', '', 13058, 22000, 1, 0, 22000),
(234, '02.20.0024', '8999908005502', 'VITAMIN A IPI 50TAB', '', 49049, 69077, 1, 0, 69077),
(235, '02.20.0024', '8999908009906', 'MARINA FACE TONIC 100M', '', 30000, 35000, 1, 0, 35000),
(236, '02.20.0024', '8999999700355', 'BRISK BY CLEAR AD 250 GR', '', 38922, 57837, 1, 0, 57837),
(237, '02.20.0024', '8999999410032', 'DOMESTOS NOMOS JUMBO 5PSG', '', 48771, 57654, 1, 0, 57654),
(238, '02.20.0024', '8999999407858', 'DOMESTOS WIPOL LEMON 800ML RFL', '', 29607, 69353, 1, 0, 69353),
(239, '02.20.0024', '8999999407490', 'SUPERPELL LTI LEMON 800ML-BTL', '', 10104, 42746, 1, 0, 42746),
(240, '02.20.0024', '8999999403843', 'MOLTO TRIKA SPRING BLUE 500ML', '', 24413, 61244, 1, 0, 61244),
(241, '02.20.0024', '8999999403508', 'MOLTO SOFT PURE 900ML', '', 37304, 63308, 1, 0, 63308),
(242, '02.20.0024', '8999908005205', 'VITAMIN C IPI 50TAB', '', 39843, 55565, 1, 0, 55565),
(243, '02.20.0024', '8999908007902', 'PRITHO JUNIOR SOFT STRAWB', '', 21331, 40682, 1, 0, 40682),
(244, '02.20.0024', '8999908010001', 'MARINA ASTRINGENT 100M', '', 19968, 31419, 1, 0, 31419),
(245, '02.20.0025', '8999908010001', 'MARINA ASTRINGENT 100M', '', 19968, 31419, 3, 0, 94257),
(246, '02.20.0026', '8999908007902', 'PRITHO JUNIOR SOFT STRAWB', '', 21331, 40682, 1, 0, 40682),
(247, '02.20.0027', '8995077600814', 'TICTAC 90GR', '', 5000, 5500, 3, 0, 16500),
(248, '02.20.0028', '8999999700379', 'SUNSILK SHAMP APPLE ESS 200M', '', 11897, 35781, 1, 0, 35781),
(249, '02.20.0028', '8999999700096', 'CLEAR STYLING GEL HARD 50GR', '', 22732, 51749, 1, 0, 51749),
(250, '02.20.0029', '8999908007902', 'PRITHO JUNIOR SOFT STRAWB', '', 21331, 40682, 1, 0, 40682),
(251, '02.20.0029', '8999908001603', 'VIDORAN SYRUP RS JERUK 225ML', '', 20000, 21000, 5, 0, 105000),
(252, '02.20.0030', '8999908009807', 'MARINA MILK CLEANS 100M', '', 20000, 25000, 1, 0, 25000),
(253, '02.20.0030', '8999908009906', 'MARINA FACE TONIC 100M', '', 30000, 35000, 1, 0, 35000),
(254, '02.20.0030', '8999908009302', 'CLAUDIA BEAUTY WHITE 80G', '', 42131, 54273, 1, 0, 54273),
(255, '02.20.0030', '8999908008909', 'PRITHO FANTASTIC SOFT TO MEDIU', '', 48428, 50571, 1, 0, 50571),
(256, '02.20.0031', '8999908009807', 'MARINA MILK CLEANS 100M', '', 20000, 25000, 2, 0, 50000),
(257, '02.20.0031', '8999908031303', 'CHARLIE DEO STICK ORIGIN 40G', '', 23586, 28462, 2, 0, 56924),
(258, '02.20.0031', '8999908039101', 'CONTREXYN R JERUK 4TAB', '', 41577, 52879, 2, 0, 105758),
(259, '02.20.0032', '8999908005205', 'VITAMIN C IPI 50TAB', '', 39843, 55000, 1, 0, 55000),
(260, '02.20.0032', '8999908002006', 'PRITHO JUNIOR SOFT', '', 44532, 56554, 1, 0, 56554),
(261, '02.20.0033', '9786028517171', 'RUMUS-RUMUS MATEMATIKA LENGKAP', '', 20000, 25000, 2, 0, 50000),
(262, '02.20.0034', 'BRG200127001', 'TAS SLEMPANG GANTUNG SILVER', '', 80000, 90000, 1, 0, 90000),
(263, '02.20.0034', 'BRG200101002', 'KISPRAY 12ML 10PACK', '', 10000, 12000, 1, 0, 12000),
(264, '02.20.0034', 'BRG191010001', 'KISPRAY 25ML', '', 1000, 1500, 1, 0, 1500),
(265, '02.20.0035', '8999908005205', 'VITAMIN C IPI 50TAB', '', 39843, 54000, 3, 0, 162000),
(266, '02.20.0035', '8999908005007', 'VITAMIN B1 IPI 50TAB', '', 25010, 55000, 2, 0, 110000),
(267, '02.20.0036', 'BRG200101001', 'GELAS CUP 200ML', '', 4000, 4500, 1, 0, 4500),
(268, '02.20.0036', '8999908007803', 'PRITHO JUN.FRUIT APEL', '', 32279, 67675, 1, 0, 67675),
(269, '02.20.0036', '8999908006301', 'F  N SODA WATER 330 ML', '', 40821, 59336, 1, 0, 59336),
(270, '02.20.0037', '8999908005502', 'VITAMIN A IPI 50TAB', '', 49049, 69077, 1, 0, 69077),
(271, '02.20.0037', '8999908000200', 'BODREX TAB LAPIS DUA 20 TABLET', '', 5000, 6000, 1, 0, 6000),
(272, '02.20.0038', '8999908000200', 'BODREX TAB LAPIS DUA 20 TABLET', '', 5000, 6000, 1, 0, 6000),
(273, '02.20.0038', '8999908000705', 'BODREXIN 20 TABLET', '', 6000, 7500, 1, 0, 7500),
(274, '02.20.0039', 'BRG200101001', 'GELAS CUP 200ML', '', 4000, 4500, 1, 0, 4500),
(275, '02.20.0039', 'BRG191010001', 'KISPRAY 25ML', '', 1000, 1500, 1, 0, 1500),
(276, '02.20.0039', 'BRG200101002', 'KISPRAY 12ML 10PACK', '', 10000, 12000, 1, 0, 12000),
(277, '02.20.0040', '8999908005007', 'VITAMIN B1 IPI 50TAB', '', 25010, 55000, 1, 0, 55000),
(278, '02.20.0040', '8999908007803', 'PRITHO JUN.FRUIT APEL', '', 30000, 35000, 1, 0, 35000),
(279, '02.20.0041', 'BRG200101002', 'KISPRAY 12ML 10PACK', '', 10000, 11500, 3, 0, 34500),
(280, '02.20.0042', '8999908006707', 'F  N SARSI 330 ML', '', 16955, 46187, 1, 0, 46187),
(281, '02.20.0043', 'BRG200101002', 'KISPRAY 12ML 10PACK', '', 10000, 12000, 1, 0, 12000),
(282, '02.20.0044', '8999908001801', 'VIDORAN SIRUP RASA JERUK 120', '', 4000, 4800, 5, 0, 24000),
(283, '02.20.0044', '8999908009906', 'MARINA FACE TONIC 100M', '', 30000, 35000, 3, 0, 105000),
(284, '02.20.0045', 'BRG191010001', 'KISPRAY 25ML', '', 1000, 1500, 1, 0, 1500),
(285, '02.20.0046', 'BRG200104002', 'KAOS KAKI SD', '', 2000, 3500, 1, 0, 3500),
(286, '02.20.0047', '8999908000200', 'BODREX TAB LAPIS DUA 20 TABLET', '', 5000, 6000, 1, 0, 6000),
(287, '02.20.0048', 'BRG200101001', 'GELAS CUP 200ML', '', 4000, 4500, 1, 0, 4500),
(288, '02.20.0049', '8999908009401', 'CLAUDIA BEAUTY PINK 80G', '', 16006, 22000, 1, 0, 22000),
(289, '02.20.0050', '8999908005007', 'VITAMIN B1 IPI 50TAB', '', 25010, 55000, 1, 0, 55000),
(290, '02.20.0051', '8999908002006', 'PRITHO JUNIOR SOFT', '', 44532, 56554, 1, 0, 56554),
(291, '02.20.0052', 'BRG191006001', 'BENG BENG 25GR', '', 1800, 1600, 10, 0, 16000),
(292, '02.20.0053', 'BRG200101001', 'GELAS CUP 200ML', '', 4000, 4500, 2, 0, 9000),
(293, '02.20.0053', 'BRG191010001', 'KISPRAY 25ML', '', 1000, 1500, 2, 0, 3000),
(294, '02.20.0053', 'BRG200104001', 'BUKU SIDU 58LMBR', '', 1500, 2000, 3, 0, 6000),
(295, '02.20.0054', '8999908000200', 'BODREX TAB LAPIS DUA 20 TABLET', '', 5000, 6000, 1, 0, 6000),
(296, '02.20.0054', '8999908001801', 'VIDORAN SIRUP RASA JERUK 120', '', 4000, 5000, 1, 0, 5000),
(297, '02.20.0054', '8999908007902', 'PRITHO JUNIOR SOFT STRAWB', '', 21331, 40682, 1, 0, 40682),
(298, '02.20.0055', 'BRG200101002', 'KISPRAY 12ML 10PACK', '', 10000, 12000, 1, 0, 12000),
(299, '02.20.0055', 'BRG191010001', 'KISPRAY 25ML', '', 1000, 1500, 1, 0, 1500),
(300, '02.20.0056', '8999908007902', 'PRITHO JUNIOR SOFT STRAWB', '', 21331, 40682, 1, 0, 40682),
(301, '02.20.0056', '8999908009807', 'MARINA MILK CLEANS 100M', '', 20000, 25000, 1, 0, 25000),
(302, '02.20.0056', '8999908029607', 'NATURAL HONEY HBL DRY 100ML', '', 50000, 55000, 1, 0, 55000),
(303, '02.20.0057', 'BRG200127001', 'TAS SLEMPANG GANTUNG SILVER', '', 80000, 90000, 5, 0, 450000),
(304, '02.20.0058', '8999908005106', 'VITAMIN B IPI 50TAB', '', 38981, 50302, 1, 0, 50302),
(305, '02.20.0058', '8999908005205', 'VITAMIN C IPI 50TAB', '', 39843, 55000, 1, 0, 55000),
(306, '02.20.0058', '8999908002006', 'PRITHO JUNIOR SOFT', '', 44532, 56554, 1, 0, 56554),
(307, '02.20.0059', '8999908009906', 'MARINA FACE TONIC 100M', '', 30000, 35000, 1, 0, 35000),
(308, '02.20.0059', '8999908030900', 'NATURAL HONEY HBL WHITE 200ML', '', 19969, 51198, 1, 0, 51198),
(309, '02.20.0059', '8999908041104', 'MARINA COMP POWD IVORY 12GR', '', 24611, 67686, 1, 0, 67686),
(310, '02.20.0059', '8999908044303', 'MARINA SPL COL HIP HOP POP 50M', '', 13108, 36658, 1, 0, 36658),
(311, '02.20.0060', 'BRG200101001', 'GELAS CUP 200ML', '', 4000, 4500, 1, 0, 4500);

-- --------------------------------------------------------

--
-- Struktur dari tabel `setting`
--

CREATE TABLE `setting` (
  `id` int(11) NOT NULL,
  `nm_toko` varchar(100) NOT NULL,
  `keterangan_toko` varchar(256) NOT NULL,
  `logo` varchar(256) NOT NULL,
  `footer_struk` text NOT NULL,
  `theme` varchar(20) NOT NULL,
  `printer_name` varchar(64) NOT NULL,
  `update_at` timestamp NOT NULL DEFAULT CURRENT_TIMESTAMP ON UPDATE CURRENT_TIMESTAMP
) ENGINE=InnoDB DEFAULT CHARSET=latin1;

--
-- Dumping data untuk tabel `setting`
--

INSERT INTO `setting` (`id`, `nm_toko`, `keterangan_toko`, `logo`, `footer_struk`, `theme`, `printer_name`, `update_at`) VALUES
(1, 'WPOS STORE OFFICIAL', 'Jln. Desa Cipete No 1 Bentala, Cilongok|085291299572', 'logo_toko.png', 'Terima Kasih', 'skin-red', 'EPSON TM-U220 Receipt', '2020-02-13 03:11:21');

-- --------------------------------------------------------

--
-- Struktur dari tabel `stock_in_out`
--

CREATE TABLE `stock_in_out` (
  `id` int(11) NOT NULL,
  `id_product` varchar(20) NOT NULL,
  `detail` text NOT NULL,
  `qty` int(11) NOT NULL,
  `datetime` date NOT NULL,
  `type` int(11) NOT NULL
) ENGINE=InnoDB DEFAULT CHARSET=latin1;

--
-- Dumping data untuk tabel `stock_in_out`
--

INSERT INTO `stock_in_out` (`id`, `id_product`, `detail`, `qty`, `datetime`, `type`) VALUES
(2, '8999908000101', 'sfsfs', 20, '2019-09-12', 1),
(4, 'BRG190830003', 'Bonus dari toko', 5, '2019-09-12', 1),
(5, 'BRG190830002', 'Bonus dari toko Z', 10, '2019-09-12', 1),
(6, 'BRG190830001', 'Barang pecah', 3, '2019-09-14', 0),
(7, 'BRG190830002', 'bonus barang dr supllier', 10, '2019-09-14', 1),
(8, 'BRG190830001', 'penyesuaian stok', 30, '2019-10-29', 1),
(9, '9786028517171', '', 0, '2020-02-08', 1),
(10, 'BRG200127001', '', 0, '2020-02-08', 1),
(11, '9786028517171', 'Bonus', 5, '2020-02-08', 1),
(12, '9786028517171', '', 0, '2020-02-08', 0),
(13, '9786028517171', '', 0, '2020-02-08', 0),
(14, '9786028517171', 'Rusak', 3, '2020-02-08', 0);

-- --------------------------------------------------------

--
-- Struktur dari tabel `supplier`
--

CREATE TABLE `supplier` (
  `supplier_id` int(11) NOT NULL,
  `name` varchar(100) NOT NULL,
  `phone` varchar(20) DEFAULT NULL,
  `address` varchar(100) DEFAULT NULL,
  `description` text,
  `created` datetime NOT NULL DEFAULT CURRENT_TIMESTAMP,
  `updated` datetime DEFAULT CURRENT_TIMESTAMP ON UPDATE CURRENT_TIMESTAMP
) ENGINE=InnoDB DEFAULT CHARSET=latin1;

--
-- Dumping data untuk tabel `supplier`
--

INSERT INTO `supplier` (`supplier_id`, `name`, `phone`, `address`, `description`, `created`, `updated`) VALUES
(1, 'Indofood', '085342456989', 'Jln Merdeka Barat', 'Menyediakan berbagai macam bahan makanan khas', '2019-07-03 22:08:41', '2019-10-06 11:43:43'),
(2, 'Toko A', '083456783212', 'Jln Dr Angka', '', '2019-07-03 22:09:28', '2019-10-06 11:47:26'),
(3, 'Telkom', '', '', 'Jln Merdeka', '2019-10-06 11:06:03', '2019-10-10 22:47:09'),
(4, 'TRC', '082456789432', 'Jln Merdeka Barat', 'testing', '2019-10-06 11:11:27', '2019-10-06 11:44:02'),
(6, 'coba', '', '', '', '2019-10-06 13:08:57', '2019-10-06 13:08:57'),
(7, 'umum', '', '', '', '2019-10-06 13:15:35', '2019-10-06 13:15:35'),
(8, 'PT Jaya Makmur', '', '', '', '2020-02-17 09:23:38', '2020-02-17 09:23:38');

-- --------------------------------------------------------

--
-- Struktur dari tabel `unit`
--

CREATE TABLE `unit` (
  `id` int(11) NOT NULL,
  `kode_unit` varchar(5) NOT NULL,
  `name` varchar(128) DEFAULT NULL,
  `created` timestamp NOT NULL DEFAULT CURRENT_TIMESTAMP,
  `updated` timestamp NOT NULL DEFAULT CURRENT_TIMESTAMP ON UPDATE CURRENT_TIMESTAMP
) ENGINE=InnoDB DEFAULT CHARSET=latin1;

--
-- Dumping data untuk tabel `unit`
--

INSERT INTO `unit` (`id`, `kode_unit`, `name`, `created`, `updated`) VALUES
(5, 'pcs', 'pieces', '2019-08-18 04:05:59', '2019-08-27 03:16:03'),
(7, 'pack', 'package', '2019-08-28 17:42:11', '2019-08-28 17:42:22');

-- --------------------------------------------------------

--
-- Struktur dari tabel `users`
--

CREATE TABLE `users` (
  `id` int(11) NOT NULL,
  `username` varchar(10) NOT NULL,
  `name` varchar(128) NOT NULL,
  `password` varchar(128) NOT NULL,
  `image` varchar(256) DEFAULT NULL,
  `level` varchar(20) NOT NULL,
  `is_active` int(11) NOT NULL DEFAULT '1',
  `date_created` timestamp NULL DEFAULT CURRENT_TIMESTAMP,
  `update_at` timestamp NOT NULL DEFAULT CURRENT_TIMESTAMP ON UPDATE CURRENT_TIMESTAMP
) ENGINE=InnoDB DEFAULT CHARSET=latin1;

--
-- Dumping data untuk tabel `users`
--

INSERT INTO `users` (`id`, `username`, `name`, `password`, `image`, `level`, `is_active`, `date_created`, `update_at`) VALUES
(1, 'admin', 'Admin Wpos', '0192023a7bbd73250516f069df18b500', 'image_admin.png', 'admin', 1, '2019-08-24 20:00:50', '2020-02-16 05:47:14'),
(2, 'kasir', 'Pangestu16', 'de28f8f7998f23ab4194b51a6029416f', 'kasir.png', 'kasir', 1, '2019-08-24 20:05:51', '2020-01-25 07:20:38'),
(3, 'wahyuaji', 'Pangestu Aji Wahyu', 'd5acba4afd50abcd6f98f4a8528e00ca', 'image_wahyu.png', 'admin', 1, '2019-08-26 14:37:12', '2019-08-26 18:35:23'),
(4, 'marzuki', 'Marzuki Zako', '61d1facabe25cc9e3275d683a962b755', 'default.jpg', 'kasir', 1, '2019-08-26 15:05:45', '2019-08-26 18:38:27'),
(5, 'alan', 'Alan Walker', 'bab891de979ae791cfa37bfc88ed9e88', 'default.jpg', 'admin', 1, '2019-08-26 15:30:26', '2019-08-26 15:30:26'),
(6, 'Ija', 'Ija Man', '75bd0f89682331cf989196e0fed62f26', 'default.jpg', 'admin', 1, '2019-08-26 15:33:52', '2019-08-26 15:33:52'),
(7, 'maman', 'Maman LK', '1c41bdf79a89ac2eb9ba646b540325d5', 'image_maman.png', 'kasir', 0, '2019-08-26 15:39:23', '2020-01-24 15:53:14'),
(8, 'zaki', 'zaki M', '918dba1e5b053c3ae4aef690a7aa8585', 'image_zaki.png', 'kasir', 1, '2019-08-26 15:48:38', '2020-01-25 07:33:24'),
(9, 'reza', 'Reza Saputra', '3ed6e995474bc6dddef7a6fc9b97c965', 'default.jpg', 'admin', 1, '2019-09-04 12:20:05', '2019-09-04 12:20:05'),
(10, 'wpangestu', 'Wahyu A. Pangestu', '0a3e0a7157af5980aa2e85295fc9ba93', 'image_wpangestu_1569897578.png', 'admin', 1, '2019-09-20 10:15:12', '2020-01-25 07:32:31'),
(11, 'andika', 'Andika Dwi Prasetya', 'e5a85482d8b9bedbd68c39cb22aea751', 'default.jpg', 'kasir', 1, '2019-10-06 01:22:06', '2019-10-06 01:22:06'),
(12, 'kasirun', 'Kasirun M', '27e5cc3c066c14e572ff0764f70e40b6', 'default.jpg', 'kasir', 1, '2020-01-25 07:23:47', '2020-01-25 07:23:47'),
(13, 'savehub', 'savehub', '3bcd2697aa9fad30fa9d49fa3bc7725f', 'default.jpg', 'kasir', 1, '2020-01-25 07:25:50', '2020-01-25 07:25:50'),
(14, 'asus', 'asus', '5e61307ed45113617d6caa63220e3926', 'default.jpg', 'kasir', 1, '2020-01-25 07:27:10', '2020-01-25 07:27:10'),
(15, 'user5', 'Nama user 5', 'a4742fd169e5c84330d45ac3bc6b176a', 'default.jpg', 'kasir', 1, '2020-02-12 14:50:53', '2020-02-12 14:50:53');

-- --------------------------------------------------------

--
-- Struktur dari tabel `users_menu`
--

CREATE TABLE `users_menu` (
  `id` int(11) NOT NULL,
  `menu` varchar(128) NOT NULL
) ENGINE=InnoDB DEFAULT CHARSET=latin1;

--
-- Dumping data untuk tabel `users_menu`
--

INSERT INTO `users_menu` (`id`, `menu`) VALUES
(1, 'admin'),
(2, 'kasir');

-- --------------------------------------------------------

--
-- Struktur dari tabel `user_sub_menu`
--

CREATE TABLE `user_sub_menu` (
  `id` int(11) NOT NULL,
  `menu_id` int(11) NOT NULL,
  `title` varchar(128) NOT NULL,
  `url` varchar(128) NOT NULL,
  `icon` varchar(128) NOT NULL,
  `is_active` int(1) NOT NULL
) ENGINE=InnoDB DEFAULT CHARSET=latin1;

--
-- Indexes for dumped tables
--

--
-- Indeks untuk tabel `category`
--
ALTER TABLE `category`
  ADD PRIMARY KEY (`id`);

--
-- Indeks untuk tabel `customer`
--
ALTER TABLE `customer`
  ADD PRIMARY KEY (`id`),
  ADD UNIQUE KEY `id_customer` (`id_customer`);

--
-- Indeks untuk tabel `login_attempts`
--
ALTER TABLE `login_attempts`
  ADD PRIMARY KEY (`id`);

--
-- Indeks untuk tabel `product`
--
ALTER TABLE `product`
  ADD PRIMARY KEY (`id_product`);

--
-- Indeks untuk tabel `purchase`
--
ALTER TABLE `purchase`
  ADD PRIMARY KEY (`id_purchase`);

--
-- Indeks untuk tabel `purchase_detail`
--
ALTER TABLE `purchase_detail`
  ADD PRIMARY KEY (`id`);

--
-- Indeks untuk tabel `sales`
--
ALTER TABLE `sales`
  ADD PRIMARY KEY (`invoice`);

--
-- Indeks untuk tabel `sale_detail`
--
ALTER TABLE `sale_detail`
  ADD PRIMARY KEY (`id`);

--
-- Indeks untuk tabel `setting`
--
ALTER TABLE `setting`
  ADD PRIMARY KEY (`id`);

--
-- Indeks untuk tabel `stock_in_out`
--
ALTER TABLE `stock_in_out`
  ADD PRIMARY KEY (`id`);

--
-- Indeks untuk tabel `supplier`
--
ALTER TABLE `supplier`
  ADD PRIMARY KEY (`supplier_id`);

--
-- Indeks untuk tabel `unit`
--
ALTER TABLE `unit`
  ADD PRIMARY KEY (`id`);

--
-- Indeks untuk tabel `users`
--
ALTER TABLE `users`
  ADD PRIMARY KEY (`id`),
  ADD UNIQUE KEY `username` (`username`);

--
-- Indeks untuk tabel `users_menu`
--
ALTER TABLE `users_menu`
  ADD PRIMARY KEY (`id`);

--
-- Indeks untuk tabel `user_sub_menu`
--
ALTER TABLE `user_sub_menu`
  ADD PRIMARY KEY (`id`);

--
-- AUTO_INCREMENT untuk tabel yang dibuang
--

--
-- AUTO_INCREMENT untuk tabel `category`
--
ALTER TABLE `category`
  MODIFY `id` int(11) NOT NULL AUTO_INCREMENT, AUTO_INCREMENT=24;

--
-- AUTO_INCREMENT untuk tabel `customer`
--
ALTER TABLE `customer`
  MODIFY `id` int(11) NOT NULL AUTO_INCREMENT, AUTO_INCREMENT=11;

--
-- AUTO_INCREMENT untuk tabel `login_attempts`
--
ALTER TABLE `login_attempts`
  MODIFY `id` int(11) UNSIGNED NOT NULL AUTO_INCREMENT;

--
-- AUTO_INCREMENT untuk tabel `purchase_detail`
--
ALTER TABLE `purchase_detail`
  MODIFY `id` int(11) NOT NULL AUTO_INCREMENT, AUTO_INCREMENT=33;

--
-- AUTO_INCREMENT untuk tabel `sale_detail`
--
ALTER TABLE `sale_detail`
  MODIFY `id` int(11) NOT NULL AUTO_INCREMENT, AUTO_INCREMENT=312;

--
-- AUTO_INCREMENT untuk tabel `setting`
--
ALTER TABLE `setting`
  MODIFY `id` int(11) NOT NULL AUTO_INCREMENT, AUTO_INCREMENT=2;

--
-- AUTO_INCREMENT untuk tabel `stock_in_out`
--
ALTER TABLE `stock_in_out`
  MODIFY `id` int(11) NOT NULL AUTO_INCREMENT, AUTO_INCREMENT=15;

--
-- AUTO_INCREMENT untuk tabel `supplier`
--
ALTER TABLE `supplier`
  MODIFY `supplier_id` int(11) NOT NULL AUTO_INCREMENT, AUTO_INCREMENT=9;

--
-- AUTO_INCREMENT untuk tabel `unit`
--
ALTER TABLE `unit`
  MODIFY `id` int(11) NOT NULL AUTO_INCREMENT, AUTO_INCREMENT=8;

--
-- AUTO_INCREMENT untuk tabel `users`
--
ALTER TABLE `users`
  MODIFY `id` int(11) NOT NULL AUTO_INCREMENT, AUTO_INCREMENT=16;

--
-- AUTO_INCREMENT untuk tabel `users_menu`
--
ALTER TABLE `users_menu`
  MODIFY `id` int(11) NOT NULL AUTO_INCREMENT, AUTO_INCREMENT=3;

--
-- AUTO_INCREMENT untuk tabel `user_sub_menu`
--
ALTER TABLE `user_sub_menu`
  MODIFY `id` int(11) NOT NULL AUTO_INCREMENT;
COMMIT;

/*!40101 SET CHARACTER_SET_CLIENT=@OLD_CHARACTER_SET_CLIENT */;
/*!40101 SET CHARACTER_SET_RESULTS=@OLD_CHARACTER_SET_RESULTS */;
/*!40101 SET COLLATION_CONNECTION=@OLD_COLLATION_CONNECTION */;
